-- phpMyAdmin SQL Dump
-- version 5.2.1
-- https://www.phpmyadmin.net/
--
-- Host: localhost
-- Generation Time: Nov 11, 2025 at 05:05 PM
-- Server version: 10.4.32-MariaDB
-- PHP Version: 8.2.12

SET SQL_MODE = "NO_AUTO_VALUE_ON_ZERO";
START TRANSACTION;
SET time_zone = "+00:00";


/*!40101 SET @OLD_CHARACTER_SET_CLIENT=@@CHARACTER_SET_CLIENT */;
/*!40101 SET @OLD_CHARACTER_SET_RESULTS=@@CHARACTER_SET_RESULTS */;
/*!40101 SET @OLD_COLLATION_CONNECTION=@@COLLATION_CONNECTION */;
/*!40101 SET NAMES utf8mb4 */;

--
-- Database: `ecommerce_khaled`
--

-- --------------------------------------------------------

--
-- Table structure for table `admins`
--

CREATE TABLE `admins` (
  `id` bigint(20) UNSIGNED NOT NULL,
  `name` varchar(255) NOT NULL,
  `email` varchar(255) NOT NULL,
  `password` varchar(255) NOT NULL,
  `phone` varchar(255) DEFAULT NULL,
  `avatar` varchar(255) DEFAULT NULL,
  `remember_token` varchar(100) DEFAULT NULL,
  `created_at` timestamp NULL DEFAULT NULL,
  `updated_at` timestamp NULL DEFAULT NULL
) ENGINE=InnoDB DEFAULT CHARSET=utf8mb4 COLLATE=utf8mb4_unicode_ci;

-- --------------------------------------------------------

--
-- Table structure for table `banners`
--

CREATE TABLE `banners` (
  `id` bigint(20) UNSIGNED NOT NULL,
  `title` varchar(255) NOT NULL,
  `banner_type_id` bigint(20) UNSIGNED NOT NULL,
  `section_order` int(11) NOT NULL DEFAULT 0,
  `is_active` tinyint(1) NOT NULL DEFAULT 1,
  `start_date` datetime DEFAULT NULL,
  `end_date` datetime DEFAULT NULL,
  `created_at` timestamp NULL DEFAULT NULL,
  `updated_at` timestamp NULL DEFAULT NULL
) ENGINE=InnoDB DEFAULT CHARSET=utf8mb4 COLLATE=utf8mb4_unicode_ci;

-- --------------------------------------------------------

--
-- Table structure for table `banner_analytics`
--

CREATE TABLE `banner_analytics` (
  `id` bigint(20) UNSIGNED NOT NULL,
  `banner_item_id` bigint(20) UNSIGNED NOT NULL,
  `views_count` int(11) NOT NULL DEFAULT 0,
  `clicks_count` int(11) NOT NULL DEFAULT 0,
  `date` date NOT NULL,
  `created_at` timestamp NOT NULL DEFAULT current_timestamp()
) ENGINE=InnoDB DEFAULT CHARSET=utf8mb4 COLLATE=utf8mb4_unicode_ci;

-- --------------------------------------------------------

--
-- Table structure for table `banner_grid_layout`
--

CREATE TABLE `banner_grid_layout` (
  `id` bigint(20) UNSIGNED NOT NULL,
  `banner_id` bigint(20) UNSIGNED NOT NULL,
  `grid_type` varchar(50) DEFAULT NULL,
  `desktop_columns` int(11) NOT NULL DEFAULT 1,
  `tablet_columns` int(11) NOT NULL DEFAULT 1,
  `mobile_columns` int(11) NOT NULL DEFAULT 1,
  `row_gap` int(11) NOT NULL DEFAULT 10,
  `column_gap` int(11) NOT NULL DEFAULT 10,
  `created_at` timestamp NOT NULL DEFAULT current_timestamp()
) ENGINE=InnoDB DEFAULT CHARSET=utf8mb4 COLLATE=utf8mb4_unicode_ci;

-- --------------------------------------------------------

--
-- Table structure for table `banner_items`
--

CREATE TABLE `banner_items` (
  `id` bigint(20) UNSIGNED NOT NULL,
  `banner_id` bigint(20) UNSIGNED NOT NULL,
  `item_order` int(11) NOT NULL DEFAULT 0,
  `image_url` varchar(500) DEFAULT NULL,
  `image_alt` text DEFAULT NULL,
  `mobile_image_url` varchar(500) DEFAULT NULL,
  `link_url` varchar(500) DEFAULT NULL,
  `link_target` varchar(20) NOT NULL DEFAULT '_self',
  `is_link_active` tinyint(1) NOT NULL DEFAULT 1,
  `product_id` bigint(20) UNSIGNED DEFAULT NULL,
  `category_id` bigint(20) UNSIGNED DEFAULT NULL,
  `tag_text` varchar(100) DEFAULT NULL,
  `tag_color` varchar(20) DEFAULT NULL,
  `tag_bg_color` varchar(20) DEFAULT NULL,
  `is_active` tinyint(1) NOT NULL DEFAULT 1,
  `created_at` timestamp NULL DEFAULT NULL,
  `updated_at` timestamp NULL DEFAULT NULL
) ENGINE=InnoDB DEFAULT CHARSET=utf8mb4 COLLATE=utf8mb4_unicode_ci;

-- --------------------------------------------------------

--
-- Table structure for table `banner_promo_codes`
--

CREATE TABLE `banner_promo_codes` (
  `banner_item_id` bigint(20) UNSIGNED NOT NULL,
  `promo_code_id` bigint(20) UNSIGNED NOT NULL
) ENGINE=InnoDB DEFAULT CHARSET=utf8mb4 COLLATE=utf8mb4_unicode_ci;

-- --------------------------------------------------------

--
-- Table structure for table `banner_types`
--

CREATE TABLE `banner_types` (
  `id` bigint(20) UNSIGNED NOT NULL,
  `name` varchar(100) NOT NULL,
  `description` text DEFAULT NULL,
  `created_at` timestamp NOT NULL DEFAULT current_timestamp()
) ENGINE=InnoDB DEFAULT CHARSET=utf8mb4 COLLATE=utf8mb4_unicode_ci;

-- --------------------------------------------------------

--
-- Table structure for table `branches`
--

CREATE TABLE `branches` (
  `id` bigint(20) UNSIGNED NOT NULL,
  `created_at` timestamp NULL DEFAULT NULL,
  `updated_at` timestamp NULL DEFAULT NULL,
  `name` varchar(255) NOT NULL,
  `location` varchar(255) DEFAULT NULL,
  `location_link` varchar(255) DEFAULT NULL
) ENGINE=InnoDB DEFAULT CHARSET=utf8mb4 COLLATE=utf8mb4_unicode_ci;

--
-- Dumping data for table `branches`
--

INSERT INTO `branches` (`id`, `created_at`, `updated_at`, `name`, `location`, `location_link`) VALUES
(1, '2025-11-11 10:43:57', '2025-11-11 10:43:57', 'فرع المعادي', 'المعادي، القاهرة، مصر', 'https://maps.google.com/?q=29.9602,31.2629'),
(2, '2025-11-11 10:43:57', '2025-11-11 10:43:57', 'فرع مدينة نصر', 'مدينة نصر، القاهرة، مصر', 'https://maps.google.com/?q=30.0444,31.3357'),
(3, '2025-11-11 10:43:57', '2025-11-11 10:43:57', 'فرع الإسكندرية', 'سموحة، الإسكندرية، مصر', 'https://maps.google.com/?q=31.2156,29.9553'),
(4, '2025-11-11 10:43:57', '2025-11-11 10:43:57', 'فرع الزمالك', 'الزمالك، القاهرة، مصر', 'https://maps.google.com/?q=30.0626,31.2207'),
(5, '2025-11-11 10:43:57', '2025-11-11 10:43:57', 'فرع التجمع الخامس', 'التجمع الخامس، القاهرة الجديدة، مصر', 'https://maps.google.com/?q=30.0131,31.4286');

-- --------------------------------------------------------

--
-- Table structure for table `categories`
--

CREATE TABLE `categories` (
  `id` bigint(20) UNSIGNED NOT NULL,
  `name` varchar(255) NOT NULL,
  `slug` varchar(255) NOT NULL,
  `description` text DEFAULT NULL,
  `parent_id` bigint(20) UNSIGNED DEFAULT NULL,
  `order` int(11) NOT NULL DEFAULT 0,
  `status_id` int(10) UNSIGNED NOT NULL DEFAULT 1,
  `created_at` timestamp NULL DEFAULT NULL,
  `updated_at` timestamp NULL DEFAULT NULL
) ENGINE=InnoDB DEFAULT CHARSET=utf8mb4 COLLATE=utf8mb4_unicode_ci;

--
-- Dumping data for table `categories`
--

INSERT INTO `categories` (`id`, `name`, `slug`, `description`, `parent_id`, `order`, `status_id`, `created_at`, `updated_at`) VALUES
(1, 'الأثاث', 'alathath', 'قسم الأثاث', NULL, 1, 1, '2025-11-11 10:43:53', '2025-11-11 10:43:53'),
(2, 'غرف نوم', 'ghrf-nom', 'قسم فرعي: غرف نوم', 1, 1, 1, '2025-11-11 10:43:53', '2025-11-11 10:43:53'),
(3, 'غرف معيشة', 'ghrf-maaysh', 'قسم فرعي: غرف معيشة', 1, 2, 1, '2025-11-11 10:43:53', '2025-11-11 10:43:53'),
(4, 'غرف سفرة', 'ghrf-sfr', 'قسم فرعي: غرف سفرة', 1, 3, 1, '2025-11-11 10:43:53', '2025-11-11 10:43:53'),
(5, 'كنب وأرائك', 'knb-oarayk', 'قسم فرعي: كنب وأرائك', 1, 4, 1, '2025-11-11 10:43:53', '2025-11-11 10:43:53'),
(6, 'طاولات', 'taolat', 'قسم فرعي: طاولات', 1, 5, 1, '2025-11-11 10:43:53', '2025-11-11 10:43:53'),
(7, 'كراسي', 'krasy', 'قسم فرعي: كراسي', 1, 6, 1, '2025-11-11 10:43:53', '2025-11-11 10:43:53'),
(8, 'وحدات تخزين', 'ohdat-tkhzyn', 'قسم وحدات تخزين', NULL, 2, 1, '2025-11-11 10:43:53', '2025-11-11 10:43:53'),
(9, 'دواليب', 'doalyb', 'قسم فرعي: دواليب', 8, 1, 1, '2025-11-11 10:43:53', '2025-11-11 10:43:53'),
(10, 'خزائن', 'khzayn', 'قسم فرعي: خزائن', 8, 2, 1, '2025-11-11 10:43:53', '2025-11-11 10:43:53'),
(11, 'أرفف', 'arff', 'قسم فرعي: أرفف', 8, 3, 1, '2025-11-11 10:43:53', '2025-11-11 10:43:53'),
(12, 'كومودينو', 'komodyno', 'قسم فرعي: كومودينو', 8, 4, 1, '2025-11-11 10:43:53', '2025-11-11 10:43:53'),
(13, 'وحدات أدراج', 'ohdat-adrag', 'قسم فرعي: وحدات أدراج', 8, 5, 1, '2025-11-11 10:43:53', '2025-11-11 10:43:53'),
(14, 'منظمات', 'mnthmat', 'قسم فرعي: منظمات', 8, 6, 1, '2025-11-11 10:43:53', '2025-11-11 10:43:53'),
(15, 'ديكورات منزلية', 'dykorat-mnzly', 'قسم ديكورات منزلية', NULL, 3, 1, '2025-11-11 10:43:53', '2025-11-11 10:43:53'),
(16, 'لوحات فنية', 'lohat-fny', 'قسم فرعي: لوحات فنية', 15, 1, 1, '2025-11-11 10:43:53', '2025-11-11 10:43:53'),
(17, 'مرايا', 'mraya', 'قسم فرعي: مرايا', 15, 2, 1, '2025-11-11 10:43:53', '2025-11-11 10:43:53'),
(18, 'ساعات حائط', 'saaaat-hayt', 'قسم فرعي: ساعات حائط', 15, 3, 1, '2025-11-11 10:43:53', '2025-11-11 10:43:53'),
(19, 'مزهريات', 'mzhryat', 'قسم فرعي: مزهريات', 15, 4, 1, '2025-11-11 10:43:53', '2025-11-11 10:43:53'),
(20, 'شموع', 'shmoaa', 'قسم فرعي: شموع', 15, 5, 1, '2025-11-11 10:43:53', '2025-11-11 10:43:53'),
(21, 'تحف ديكورية', 'thf-dykory', 'قسم فرعي: تحف ديكورية', 15, 6, 1, '2025-11-11 10:43:53', '2025-11-11 10:43:53'),
(22, 'أثاث مكتبي', 'athath-mktby', 'قسم أثاث مكتبي', NULL, 4, 1, '2025-11-11 10:43:53', '2025-11-11 10:43:53'),
(23, 'مكاتب', 'mkatb', 'قسم فرعي: مكاتب', 22, 1, 1, '2025-11-11 10:43:53', '2025-11-11 10:43:53'),
(24, 'كراسي مكتبية', 'krasy-mktby', 'قسم فرعي: كراسي مكتبية', 22, 2, 1, '2025-11-11 10:43:53', '2025-11-11 10:43:53'),
(25, 'مكتبات', 'mktbat', 'قسم فرعي: مكتبات', 22, 3, 1, '2025-11-11 10:43:53', '2025-11-11 10:43:53'),
(26, 'وحدات تخزين مكتبية', 'ohdat-tkhzyn-mktby', 'قسم فرعي: وحدات تخزين مكتبية', 22, 4, 1, '2025-11-11 10:43:53', '2025-11-11 10:43:53'),
(27, 'طاولات اجتماعات', 'taolat-agtmaaaat', 'قسم فرعي: طاولات اجتماعات', 22, 5, 1, '2025-11-11 10:43:53', '2025-11-11 10:43:53'),
(28, 'أكسسوارات مكتبية', 'akssoarat-mktby', 'قسم فرعي: أكسسوارات مكتبية', 22, 6, 1, '2025-11-11 10:43:53', '2025-11-11 10:43:53'),
(29, 'الإضاءة', 'aladaaa', 'قسم الإضاءة', NULL, 5, 1, '2025-11-11 10:43:53', '2025-11-11 10:43:53'),
(30, 'ثريات', 'thryat', 'قسم فرعي: ثريات', 29, 1, 1, '2025-11-11 10:43:53', '2025-11-11 10:43:53'),
(31, 'لمبات معلقة', 'lmbat-maalk', 'قسم فرعي: لمبات معلقة', 29, 2, 1, '2025-11-11 10:43:53', '2025-11-11 10:43:53'),
(32, 'أباجورات', 'abagorat', 'قسم فرعي: أباجورات', 29, 3, 1, '2025-11-11 10:43:53', '2025-11-11 10:43:53'),
(33, 'إضاءة حائط', 'adaaa-hayt', 'قسم فرعي: إضاءة حائط', 29, 4, 1, '2025-11-11 10:43:53', '2025-11-11 10:43:53'),
(34, 'إضاءة أرضية', 'adaaa-ardy', 'قسم فرعي: إضاءة أرضية', 29, 5, 1, '2025-11-11 10:43:53', '2025-11-11 10:43:53'),
(35, 'إضاءة ديكورية', 'adaaa-dykory', 'قسم فرعي: إضاءة ديكورية', 29, 6, 1, '2025-11-11 10:43:53', '2025-11-11 10:43:53'),
(36, 'أقمشة ومفروشات', 'akmsh-omfroshat', 'قسم أقمشة ومفروشات', NULL, 6, 1, '2025-11-11 10:43:53', '2025-11-11 10:43:53'),
(37, 'ستائر', 'stayr', 'قسم فرعي: ستائر', 36, 1, 1, '2025-11-11 10:43:53', '2025-11-11 10:43:53'),
(38, 'سجاد', 'sgad', 'قسم فرعي: سجاد', 36, 2, 1, '2025-11-11 10:43:53', '2025-11-11 10:43:53'),
(39, 'مفارش سرير', 'mfarsh-sryr', 'قسم فرعي: مفارش سرير', 36, 3, 1, '2025-11-11 10:43:53', '2025-11-11 10:43:53'),
(40, 'وسائد', 'osayd', 'قسم فرعي: وسائد', 36, 4, 1, '2025-11-11 10:43:53', '2025-11-11 10:43:53'),
(41, 'بطانيات', 'btanyat', 'قسم فرعي: بطانيات', 36, 5, 1, '2025-11-11 10:43:53', '2025-11-11 10:43:53'),
(42, 'مفارش طاولات', 'mfarsh-taolat', 'قسم فرعي: مفارش طاولات', 36, 6, 1, '2025-11-11 10:43:53', '2025-11-11 10:43:53'),
(43, 'المطبخ والحمام', 'almtbkh-oalhmam', 'قسم المطبخ والحمام', NULL, 7, 1, '2025-11-11 10:43:53', '2025-11-11 10:43:53'),
(44, 'خزائن مطبخ', 'khzayn-mtbkh', 'قسم فرعي: خزائن مطبخ', 43, 1, 1, '2025-11-11 10:43:53', '2025-11-11 10:43:53'),
(45, 'طاولات مطبخ', 'taolat-mtbkh', 'قسم فرعي: طاولات مطبخ', 43, 2, 1, '2025-11-11 10:43:53', '2025-11-11 10:43:53'),
(46, 'كراسي مطبخ', 'krasy-mtbkh', 'قسم فرعي: كراسي مطبخ', 43, 3, 1, '2025-11-11 10:43:53', '2025-11-11 10:43:53'),
(47, 'دواليب حمام', 'doalyb-hmam', 'قسم فرعي: دواليب حمام', 43, 4, 1, '2025-11-11 10:43:53', '2025-11-11 10:43:53'),
(48, 'أدوات مطبخ', 'adoat-mtbkh', 'قسم فرعي: أدوات مطبخ', 43, 5, 1, '2025-11-11 10:43:53', '2025-11-11 10:43:53'),
(49, 'أكسسوارات حمام', 'akssoarat-hmam', 'قسم فرعي: أكسسوارات حمام', 43, 6, 1, '2025-11-11 10:43:53', '2025-11-11 10:43:53'),
(50, 'الأجهزة المنزلية', 'alaghz-almnzly', 'قسم الأجهزة المنزلية', NULL, 8, 1, '2025-11-11 10:43:53', '2025-11-11 10:43:53'),
(51, 'أجهزة مطبخ صغيرة', 'aghz-mtbkh-sghyr', 'قسم فرعي: أجهزة مطبخ صغيرة', 50, 1, 1, '2025-11-11 10:43:53', '2025-11-11 10:43:53'),
(52, 'مكانس كهربائية', 'mkans-khrbayy', 'قسم فرعي: مكانس كهربائية', 50, 2, 1, '2025-11-11 10:43:53', '2025-11-11 10:43:53'),
(53, 'مكاوي', 'mkaoy', 'قسم فرعي: مكاوي', 50, 3, 1, '2025-11-11 10:43:53', '2025-11-11 10:43:53'),
(54, 'مراوح', 'mraoh', 'قسم فرعي: مراوح', 50, 4, 1, '2025-11-11 10:43:53', '2025-11-11 10:43:53'),
(55, 'سخانات', 'skhanat', 'قسم فرعي: سخانات', 50, 5, 1, '2025-11-11 10:43:53', '2025-11-11 10:43:53'),
(56, 'أجهزة تنقية', 'aghz-tnky', 'قسم فرعي: أجهزة تنقية', 50, 6, 1, '2025-11-11 10:43:53', '2025-11-11 10:43:53'),
(57, 'أدوات رياضية', 'adoat-ryady', 'قسم أدوات رياضية', NULL, 9, 1, '2025-11-11 10:43:53', '2025-11-11 10:43:53'),
(58, 'أجهزة رياضية', 'aghz-ryady', 'قسم فرعي: أجهزة رياضية', 57, 1, 1, '2025-11-11 10:43:53', '2025-11-11 10:43:53'),
(59, 'أثقال', 'athkal', 'قسم فرعي: أثقال', 57, 2, 1, '2025-11-11 10:43:53', '2025-11-11 10:43:53'),
(60, 'سجادات يوغا', 'sgadat-yogha', 'قسم فرعي: سجادات يوغا', 57, 3, 1, '2025-11-11 10:43:53', '2025-11-11 10:43:53'),
(61, 'دراجات رياضية', 'dragat-ryady', 'قسم فرعي: دراجات رياضية', 57, 4, 1, '2025-11-11 10:43:53', '2025-11-11 10:43:53'),
(62, 'معدات اللياقة', 'maadat-allyak', 'قسم فرعي: معدات اللياقة', 57, 5, 1, '2025-11-11 10:43:53', '2025-11-11 10:43:53'),
(63, 'كرات رياضية', 'krat-ryady', 'قسم فرعي: كرات رياضية', 57, 6, 1, '2025-11-11 10:43:53', '2025-11-11 10:43:53'),
(64, 'إلكترونيات', 'alktronyat', 'قسم إلكترونيات', NULL, 10, 1, '2025-11-11 10:43:53', '2025-11-11 10:43:53'),
(65, 'تلفزيونات', 'tlfzyonat', 'قسم فرعي: تلفزيونات', 64, 1, 1, '2025-11-11 10:43:53', '2025-11-11 10:43:53'),
(66, 'سماعات', 'smaaaat', 'قسم فرعي: سماعات', 64, 2, 1, '2025-11-11 10:43:53', '2025-11-11 10:43:53'),
(67, 'أجهزة صوتية', 'aghz-soty', 'قسم فرعي: أجهزة صوتية', 64, 3, 1, '2025-11-11 10:43:53', '2025-11-11 10:43:53'),
(68, 'كاميرات', 'kamyrat', 'قسم فرعي: كاميرات', 64, 4, 1, '2025-11-11 10:43:53', '2025-11-11 10:43:53'),
(69, 'ألعاب إلكترونية', 'alaaab-alktrony', 'قسم فرعي: ألعاب إلكترونية', 64, 5, 1, '2025-11-11 10:43:53', '2025-11-11 10:43:53'),
(70, 'أكسسوارات إلكترونية', 'akssoarat-alktrony', 'قسم فرعي: أكسسوارات إلكترونية', 64, 6, 1, '2025-11-11 10:43:53', '2025-11-11 10:43:53'),
(71, 'أثاث خارجي', 'athath-khargy', 'قسم أثاث خارجي', NULL, 11, 1, '2025-11-11 10:43:53', '2025-11-11 10:43:53'),
(72, 'طاولات خارجية', 'taolat-khargy', 'قسم فرعي: طاولات خارجية', 71, 1, 1, '2025-11-11 10:43:53', '2025-11-11 10:43:53'),
(73, 'كراسي حدائق', 'krasy-hdayk', 'قسم فرعي: كراسي حدائق', 71, 2, 1, '2025-11-11 10:43:53', '2025-11-11 10:43:53'),
(74, 'مظلات', 'mthlat', 'قسم فرعي: مظلات', 71, 3, 1, '2025-11-11 10:43:53', '2025-11-11 10:43:53'),
(75, 'أراجيح', 'aragyh', 'قسم فرعي: أراجيح', 71, 4, 1, '2025-11-11 10:43:53', '2025-11-11 10:43:53'),
(76, 'أرائك خارجية', 'arayk-khargy', 'قسم فرعي: أرائك خارجية', 71, 5, 1, '2025-11-11 10:43:53', '2025-11-11 10:43:53'),
(77, 'إضاءة خارجية', 'adaaa-khargy', 'قسم فرعي: إضاءة خارجية', 71, 6, 1, '2025-11-11 10:43:53', '2025-11-11 10:43:53');

-- --------------------------------------------------------

--
-- Table structure for table `colors`
--

CREATE TABLE `colors` (
  `id` bigint(20) UNSIGNED NOT NULL,
  `name` varchar(255) NOT NULL,
  `image` varchar(255) DEFAULT NULL,
  `created_at` timestamp NULL DEFAULT NULL,
  `updated_at` timestamp NULL DEFAULT NULL,
  `hex_code` varchar(255) DEFAULT NULL
) ENGINE=InnoDB DEFAULT CHARSET=utf8mb4 COLLATE=utf8mb4_unicode_ci;

--
-- Dumping data for table `colors`
--

INSERT INTO `colors` (`id`, `name`, `image`, `created_at`, `updated_at`, `hex_code`) VALUES
(1, 'أبيض', NULL, '2025-11-11 10:43:53', '2025-11-11 10:43:53', '#FFFFFF'),
(2, 'أسود', NULL, '2025-11-11 10:43:53', '2025-11-11 10:43:53', '#000000'),
(3, 'بني', NULL, '2025-11-11 10:43:53', '2025-11-11 10:43:53', '#8B4513'),
(4, 'بيج', NULL, '2025-11-11 10:43:53', '2025-11-11 10:43:53', '#F5F5DC'),
(5, 'رمادي', NULL, '2025-11-11 10:43:53', '2025-11-11 10:43:53', '#808080'),
(6, 'أزرق', NULL, '2025-11-11 10:43:53', '2025-11-11 10:43:53', '#0000FF'),
(7, 'أخضر', NULL, '2025-11-11 10:43:53', '2025-11-11 10:43:53', '#008000'),
(8, 'أحمر', NULL, '2025-11-11 10:43:53', '2025-11-11 10:43:53', '#FF0000'),
(9, 'ذهبي', NULL, '2025-11-11 10:43:53', '2025-11-11 10:43:53', '#FFD700'),
(10, 'فضي', NULL, '2025-11-11 10:43:53', '2025-11-11 10:43:53', '#C0C0C0');

-- --------------------------------------------------------

--
-- Table structure for table `color_product`
--

CREATE TABLE `color_product` (
  `id` bigint(20) UNSIGNED NOT NULL,
  `product_id` bigint(20) UNSIGNED NOT NULL,
  `color_id` bigint(20) UNSIGNED NOT NULL,
  `created_at` timestamp NULL DEFAULT NULL,
  `updated_at` timestamp NULL DEFAULT NULL
) ENGINE=InnoDB DEFAULT CHARSET=utf8mb4 COLLATE=utf8mb4_unicode_ci;

--
-- Dumping data for table `color_product`
--

INSERT INTO `color_product` (`id`, `product_id`, `color_id`, `created_at`, `updated_at`) VALUES
(1, 1, 3, NULL, NULL),
(2, 1, 4, NULL, NULL),
(3, 1, 1, NULL, NULL),
(4, 2, 3, NULL, NULL),
(5, 2, 1, NULL, NULL),
(6, 2, 4, NULL, NULL),
(7, 3, 5, NULL, NULL),
(8, 3, 4, NULL, NULL),
(9, 3, 6, NULL, NULL),
(10, 3, 3, NULL, NULL),
(11, 4, 1, NULL, NULL),
(12, 4, 5, NULL, NULL),
(13, 4, 2, NULL, NULL),
(14, 5, 3, NULL, NULL),
(15, 5, 1, NULL, NULL),
(16, 5, 5, NULL, NULL),
(17, 6, 3, NULL, NULL),
(18, 6, 4, NULL, NULL),
(19, 6, 1, NULL, NULL),
(20, 7, 1, NULL, NULL),
(21, 7, 5, NULL, NULL),
(22, 7, 3, NULL, NULL),
(23, 9, 9, NULL, NULL),
(24, 9, 10, NULL, NULL),
(25, 9, 2, NULL, NULL),
(26, 10, 3, NULL, NULL),
(27, 10, 2, NULL, NULL),
(28, 10, 4, NULL, NULL),
(29, 11, 2, NULL, NULL),
(30, 11, 5, NULL, NULL),
(31, 11, 6, NULL, NULL),
(32, 12, 9, NULL, NULL),
(33, 12, 10, NULL, NULL),
(34, 13, 2, NULL, NULL),
(35, 13, 1, NULL, NULL),
(36, 13, 5, NULL, NULL),
(37, 14, 5, NULL, NULL),
(38, 14, 4, NULL, NULL),
(39, 14, 6, NULL, NULL),
(40, 15, 1, NULL, NULL),
(41, 15, 4, NULL, NULL),
(42, 15, 5, NULL, NULL),
(43, 15, 6, NULL, NULL),
(44, 16, 1, NULL, NULL),
(45, 16, 5, NULL, NULL),
(46, 16, 3, NULL, NULL),
(47, 17, 1, NULL, NULL),
(48, 17, 5, NULL, NULL),
(49, 17, 4, NULL, NULL),
(50, 18, 1, NULL, NULL),
(51, 18, 2, NULL, NULL),
(52, 18, 10, NULL, NULL),
(53, 19, 2, NULL, NULL),
(54, 19, 1, NULL, NULL),
(55, 20, 2, NULL, NULL),
(56, 20, 5, NULL, NULL),
(57, 21, 6, NULL, NULL),
(58, 21, 7, NULL, NULL),
(59, 21, 5, NULL, NULL),
(60, 22, 2, NULL, NULL),
(61, 22, 1, NULL, NULL),
(62, 22, 6, NULL, NULL),
(63, 22, 8, NULL, NULL),
(64, 23, 3, NULL, NULL),
(65, 23, 5, NULL, NULL),
(66, 23, 2, NULL, NULL),
(67, 24, 4, NULL, NULL),
(68, 24, 7, NULL, NULL),
(69, 24, 5, NULL, NULL);

-- --------------------------------------------------------

--
-- Table structure for table `delivery_times`
--

CREATE TABLE `delivery_times` (
  `id` bigint(20) UNSIGNED NOT NULL,
  `product_id` bigint(20) UNSIGNED NOT NULL,
  `from_days` int(11) NOT NULL,
  `to_days` int(11) NOT NULL,
  `created_at` timestamp NULL DEFAULT NULL,
  `updated_at` timestamp NULL DEFAULT NULL
) ENGINE=InnoDB DEFAULT CHARSET=utf8mb4 COLLATE=utf8mb4_unicode_ci;

--
-- Dumping data for table `delivery_times`
--

INSERT INTO `delivery_times` (`id`, `product_id`, `from_days`, `to_days`, `created_at`, `updated_at`) VALUES
(1, 1, 3, 7, '2025-11-11 10:43:56', '2025-11-11 10:43:56'),
(2, 2, 5, 10, '2025-11-11 10:43:56', '2025-11-11 10:43:56'),
(3, 3, 7, 14, '2025-11-11 10:43:56', '2025-11-11 10:43:56'),
(4, 4, 2, 5, '2025-11-11 10:43:56', '2025-11-11 10:43:56'),
(5, 5, 7, 14, '2025-11-11 10:43:56', '2025-11-11 10:43:56'),
(6, 6, 5, 10, '2025-11-11 10:43:56', '2025-11-11 10:43:56'),
(7, 7, 3, 7, '2025-11-11 10:43:56', '2025-11-11 10:43:56'),
(8, 8, 1, 3, '2025-11-11 10:43:56', '2025-11-11 10:43:56'),
(9, 9, 2, 5, '2025-11-11 10:43:56', '2025-11-11 10:43:56'),
(10, 10, 5, 10, '2025-11-11 10:43:56', '2025-11-11 10:43:56'),
(11, 11, 2, 5, '2025-11-11 10:43:56', '2025-11-11 10:43:56'),
(12, 12, 5, 10, '2025-11-11 10:43:57', '2025-11-11 10:43:57'),
(13, 13, 2, 4, '2025-11-11 10:43:57', '2025-11-11 10:43:57'),
(14, 14, 3, 7, '2025-11-11 10:43:57', '2025-11-11 10:43:57'),
(15, 15, 2, 5, '2025-11-11 10:43:57', '2025-11-11 10:43:57'),
(16, 16, 14, 21, '2025-11-11 10:43:57', '2025-11-11 10:43:57'),
(17, 17, 5, 10, '2025-11-11 10:43:57', '2025-11-11 10:43:57'),
(18, 18, 2, 4, '2025-11-11 10:43:57', '2025-11-11 10:43:57'),
(19, 19, 3, 7, '2025-11-11 10:43:57', '2025-11-11 10:43:57'),
(20, 20, 7, 14, '2025-11-11 10:43:57', '2025-11-11 10:43:57'),
(21, 21, 1, 3, '2025-11-11 10:43:57', '2025-11-11 10:43:57'),
(22, 22, 2, 4, '2025-11-11 10:43:57', '2025-11-11 10:43:57'),
(23, 23, 7, 14, '2025-11-11 10:43:57', '2025-11-11 10:43:57'),
(24, 24, 5, 10, '2025-11-11 10:43:57', '2025-11-11 10:43:57');

-- --------------------------------------------------------

--
-- Table structure for table `discounts`
--

CREATE TABLE `discounts` (
  `id` bigint(20) UNSIGNED NOT NULL,
  `product_id` bigint(20) UNSIGNED NOT NULL,
  `discount_value` decimal(10,2) NOT NULL,
  `discount_type` enum('fixed','percentage') NOT NULL DEFAULT 'fixed',
  `created_at` timestamp NULL DEFAULT NULL,
  `updated_at` timestamp NULL DEFAULT NULL
) ENGINE=InnoDB DEFAULT CHARSET=utf8mb4 COLLATE=utf8mb4_unicode_ci;

--
-- Dumping data for table `discounts`
--

INSERT INTO `discounts` (`id`, `product_id`, `discount_value`, `discount_type`, `created_at`, `updated_at`) VALUES
(1, 1, 15.00, 'percentage', '2025-11-11 10:43:56', '2025-11-11 10:43:56'),
(2, 2, 1500.00, 'fixed', '2025-11-11 10:43:56', '2025-11-11 10:43:56'),
(3, 3, 20.00, 'percentage', '2025-11-11 10:43:56', '2025-11-11 10:43:56'),
(4, 5, 2000.00, 'fixed', '2025-11-11 10:43:56', '2025-11-11 10:43:56'),
(5, 7, 10.00, 'percentage', '2025-11-11 10:43:56', '2025-11-11 10:43:56'),
(6, 8, 15.00, 'percentage', '2025-11-11 10:43:56', '2025-11-11 10:43:56'),
(7, 10, 1000.00, 'fixed', '2025-11-11 10:43:56', '2025-11-11 10:43:56'),
(8, 12, 20.00, 'percentage', '2025-11-11 10:43:56', '2025-11-11 10:43:56'),
(9, 14, 500.00, 'fixed', '2025-11-11 10:43:57', '2025-11-11 10:43:57'),
(10, 16, 15.00, 'percentage', '2025-11-11 10:43:57', '2025-11-11 10:43:57'),
(11, 18, 10.00, 'percentage', '2025-11-11 10:43:57', '2025-11-11 10:43:57'),
(12, 20, 2000.00, 'fixed', '2025-11-11 10:43:57', '2025-11-11 10:43:57'),
(13, 22, 15.00, 'percentage', '2025-11-11 10:43:57', '2025-11-11 10:43:57'),
(14, 23, 1200.00, 'fixed', '2025-11-11 10:43:57', '2025-11-11 10:43:57');

-- --------------------------------------------------------

--
-- Table structure for table `failed_jobs`
--

CREATE TABLE `failed_jobs` (
  `id` bigint(20) UNSIGNED NOT NULL,
  `uuid` varchar(255) NOT NULL,
  `connection` text NOT NULL,
  `queue` text NOT NULL,
  `payload` longtext NOT NULL,
  `exception` longtext NOT NULL,
  `failed_at` timestamp NOT NULL DEFAULT current_timestamp()
) ENGINE=InnoDB DEFAULT CHARSET=utf8mb4 COLLATE=utf8mb4_unicode_ci;

-- --------------------------------------------------------

--
-- Table structure for table `favourites`
--

CREATE TABLE `favourites` (
  `id` bigint(20) UNSIGNED NOT NULL,
  `user_id` bigint(20) UNSIGNED NOT NULL,
  `product_id` bigint(20) UNSIGNED NOT NULL,
  `type` varchar(255) DEFAULT NULL,
  `created_at` timestamp NULL DEFAULT NULL,
  `updated_at` timestamp NULL DEFAULT NULL
) ENGINE=InnoDB DEFAULT CHARSET=utf8mb4 COLLATE=utf8mb4_unicode_ci;

-- --------------------------------------------------------

--
-- Table structure for table `features`
--

CREATE TABLE `features` (
  `id` bigint(20) UNSIGNED NOT NULL,
  `product_id` bigint(20) UNSIGNED NOT NULL,
  `name` varchar(255) NOT NULL,
  `value` text NOT NULL,
  `created_at` timestamp NULL DEFAULT NULL,
  `updated_at` timestamp NULL DEFAULT NULL
) ENGINE=InnoDB DEFAULT CHARSET=utf8mb4 COLLATE=utf8mb4_unicode_ci;

--
-- Dumping data for table `features`
--

INSERT INTO `features` (`id`, `product_id`, `name`, `value`, `created_at`, `updated_at`) VALUES
(1, 1, 'المادة', 'خشب زان طبيعي', '2025-11-11 10:43:56', '2025-11-11 10:43:56'),
(2, 1, 'الأبعاد', '200 × 180 سم', '2025-11-11 10:43:56', '2025-11-11 10:43:56'),
(3, 1, 'الوزن', '85 كجم', '2025-11-11 10:43:56', '2025-11-11 10:43:56'),
(4, 1, 'التصميم', 'مودرن', '2025-11-11 10:43:56', '2025-11-11 10:43:56'),
(5, 2, 'المادة', 'خشب MDF مع قشرة طبيعية', '2025-11-11 10:43:56', '2025-11-11 10:43:56'),
(6, 2, 'عدد الأبواب', '6 أبواب', '2025-11-11 10:43:56', '2025-11-11 10:43:56'),
(7, 2, 'الأبعاد', '280 × 220 × 60 سم', '2025-11-11 10:43:56', '2025-11-11 10:43:56'),
(8, 2, 'المرآة', 'مرآة كاملة على بابين', '2025-11-11 10:43:56', '2025-11-11 10:43:56'),
(9, 3, 'المادة', 'قماش كتان فاخر', '2025-11-11 10:43:56', '2025-11-11 10:43:56'),
(10, 3, 'عدد المقاعد', '6 مقاعد', '2025-11-11 10:43:56', '2025-11-11 10:43:56'),
(11, 3, 'الإطار', 'خشب صلب', '2025-11-11 10:43:56', '2025-11-11 10:43:56'),
(12, 3, 'الإسفنج', 'عالي الكثافة', '2025-11-11 10:43:56', '2025-11-11 10:43:56'),
(13, 4, 'المادة', 'رخام طبيعي', '2025-11-11 10:43:56', '2025-11-11 10:43:56'),
(14, 4, 'القاعدة', 'استانلس ستيل مطلي ذهبي', '2025-11-11 10:43:56', '2025-11-11 10:43:56'),
(15, 4, 'الأبعاد', '120 × 60 × 45 سم', '2025-11-11 10:43:56', '2025-11-11 10:43:56'),
(16, 5, 'المادة', 'خشب زان طبيعي', '2025-11-11 10:43:56', '2025-11-11 10:43:56'),
(17, 5, 'عدد الكراسي', '8 كراسي', '2025-11-11 10:43:56', '2025-11-11 10:43:56'),
(18, 5, 'الأبعاد', '220 × 100 × 75 سم', '2025-11-11 10:43:56', '2025-11-11 10:43:56'),
(19, 5, 'التنجيد', 'قماش مخمل فاخر', '2025-11-11 10:43:56', '2025-11-11 10:43:56'),
(20, 6, 'المادة', 'خشب MDF مع قشرة', '2025-11-11 10:43:56', '2025-11-11 10:43:56'),
(21, 6, 'الأبعاد', '200 × 180 × 45 سم', '2025-11-11 10:43:56', '2025-11-11 10:43:56'),
(22, 6, 'الإضاءة', 'إضاءة LED داخلية', '2025-11-11 10:43:56', '2025-11-11 10:43:56'),
(23, 7, 'المادة', 'خشب MDF عالي الجودة', '2025-11-11 10:43:56', '2025-11-11 10:43:56'),
(24, 7, 'الأبعاد', '120 × 180 × 40 سم', '2025-11-11 10:43:56', '2025-11-11 10:43:56'),
(25, 7, 'عدد الأدراج', '6 أدراج', '2025-11-11 10:43:56', '2025-11-11 10:43:56'),
(26, 8, 'المادة', 'كانفاس مطبوع', '2025-11-11 10:43:56', '2025-11-11 10:43:56'),
(27, 8, 'الإطار', 'خشب مع تغليف', '2025-11-11 10:43:56', '2025-11-11 10:43:56'),
(28, 8, 'عدد القطع', '3 قطع', '2025-11-11 10:43:56', '2025-11-11 10:43:56'),
(29, 8, 'الأبعاد', '40 × 60 سم لكل قطعة', '2025-11-11 10:43:56', '2025-11-11 10:43:56'),
(30, 9, 'المادة', 'زجاج عالي الجودة', '2025-11-11 10:43:56', '2025-11-11 10:43:56'),
(31, 9, 'الإطار', 'معدن مطلي ذهبي', '2025-11-11 10:43:56', '2025-11-11 10:43:56'),
(32, 9, 'القطر', '80 سم', '2025-11-11 10:43:56', '2025-11-11 10:43:56'),
(33, 10, 'المادة', 'خشب طبيعي مع قشرة', '2025-11-11 10:43:56', '2025-11-11 10:43:56'),
(34, 10, 'الأبعاد', '180 × 90 × 75 سم', '2025-11-11 10:43:56', '2025-11-11 10:43:56'),
(35, 10, 'عدد الأدراج', '5 أدراج', '2025-11-11 10:43:56', '2025-11-11 10:43:56'),
(36, 10, 'التشطيب', 'دهان لامع', '2025-11-11 10:43:56', '2025-11-11 10:43:56'),
(37, 11, 'الدعم', 'دعم قطني وعنق', '2025-11-11 10:43:56', '2025-11-11 10:43:56'),
(38, 11, 'الارتفاع', 'قابل للتعديل', '2025-11-11 10:43:56', '2025-11-11 10:43:56'),
(39, 11, 'المادة', 'شبك تنفس + إسفنج', '2025-11-11 10:43:56', '2025-11-11 10:43:56'),
(40, 11, 'العجلات', '5 عجلات سايلنت', '2025-11-11 10:43:56', '2025-11-11 10:43:56'),
(41, 12, 'المادة', 'كريستال أصلي', '2025-11-11 10:43:56', '2025-11-11 10:43:56'),
(42, 12, 'الإضاءة', 'LED 60 واط', '2025-11-11 10:43:56', '2025-11-11 10:43:56'),
(43, 12, 'القطر', '80 سم', '2025-11-11 10:43:56', '2025-11-11 10:43:56'),
(44, 12, 'الارتفاع', '100 سم', '2025-11-11 10:43:56', '2025-11-11 10:43:56'),
(45, 13, 'المادة', 'معدن + قماش', '2025-11-11 10:43:57', '2025-11-11 10:43:57'),
(46, 13, 'الارتفاع', '160 سم', '2025-11-11 10:43:57', '2025-11-11 10:43:57'),
(47, 13, 'نوع اللمبة', 'E27 LED', '2025-11-11 10:43:57', '2025-11-11 10:43:57'),
(48, 13, 'التحكم', 'مفتاح قدم', '2025-11-11 10:43:57', '2025-11-11 10:43:57'),
(49, 14, 'المادة', 'بوليستر عالي الكثافة', '2025-11-11 10:43:57', '2025-11-11 10:43:57'),
(50, 14, 'الأبعاد', '200 × 300 سم', '2025-11-11 10:43:57', '2025-11-11 10:43:57'),
(51, 14, 'السمك', '12 ملم', '2025-11-11 10:43:57', '2025-11-11 10:43:57'),
(52, 14, 'المنشأ', 'تركيا', '2025-11-11 10:43:57', '2025-11-11 10:43:57'),
(53, 15, 'المادة', 'قطن مصري 100%', '2025-11-11 10:43:57', '2025-11-11 10:43:57'),
(54, 15, 'عدد الخيوط', '600 خيط', '2025-11-11 10:43:57', '2025-11-11 10:43:57'),
(55, 15, 'المحتويات', 'ملاءة + لحاف + 4 مخدات', '2025-11-11 10:43:57', '2025-11-11 10:43:57'),
(56, 16, 'المادة', 'خشب MDF مقاوم للرطوبة', '2025-11-11 10:43:57', '2025-11-11 10:43:57'),
(57, 16, 'الطول', '3 متر', '2025-11-11 10:43:57', '2025-11-11 10:43:57'),
(58, 16, 'الرخامة', 'جرانيت مصري', '2025-11-11 10:43:57', '2025-11-11 10:43:57'),
(59, 16, 'المفصلات', 'إيطالية هيدروليك', '2025-11-11 10:43:57', '2025-11-11 10:43:57'),
(60, 17, 'المادة', 'خشب مقاوم للرطوبة', '2025-11-11 10:43:57', '2025-11-11 10:43:57'),
(61, 17, 'الأبعاد', '80 × 60 × 45 سم', '2025-11-11 10:43:57', '2025-11-11 10:43:57'),
(62, 17, 'الحوض', 'سيراميك أبيض', '2025-11-11 10:43:57', '2025-11-11 10:43:57'),
(63, 17, 'المرآة', 'مع إضاءة LED', '2025-11-11 10:43:57', '2025-11-11 10:43:57'),
(64, 18, 'القوة', '1000 واط', '2025-11-11 10:43:57', '2025-11-11 10:43:57'),
(65, 18, 'السرعات', '3 سرعات + نبضة', '2025-11-11 10:43:57', '2025-11-11 10:43:57'),
(66, 18, 'السعة', '1.5 لتر', '2025-11-11 10:43:57', '2025-11-11 10:43:57'),
(67, 18, 'الملحقات', 'عصارة + مطحنة + خلاط', '2025-11-11 10:43:57', '2025-11-11 10:43:57'),
(68, 19, 'التقنية', 'ذكاء اصطناعي', '2025-11-11 10:43:57', '2025-11-11 10:43:57'),
(69, 19, 'البطارية', 'ليثيوم 3 ساعات', '2025-11-11 10:43:57', '2025-11-11 10:43:57'),
(70, 19, 'التحكم', 'تطبيق موبايل + ريموت', '2025-11-11 10:43:57', '2025-11-11 10:43:57'),
(71, 19, 'المساحة', 'حتى 150 متر', '2025-11-11 10:43:57', '2025-11-11 10:43:57'),
(72, 20, 'المحرك', '2.5 حصان', '2025-11-11 10:43:57', '2025-11-11 10:43:57'),
(73, 20, 'السرعة', 'حتى 16 كم/ساعة', '2025-11-11 10:43:57', '2025-11-11 10:43:57'),
(74, 20, 'الشاشة', 'LCD 7 بوصة', '2025-11-11 10:43:57', '2025-11-11 10:43:57'),
(75, 20, 'الوزن المحمول', 'حتى 150 كجم', '2025-11-11 10:43:57', '2025-11-11 10:43:57'),
(76, 21, 'المادة', 'TPE صديق للبيئة', '2025-11-11 10:43:57', '2025-11-11 10:43:57'),
(77, 21, 'السمك', '6 ملم', '2025-11-11 10:43:57', '2025-11-11 10:43:57'),
(78, 21, 'الأبعاد', '183 × 61 سم', '2025-11-11 10:43:57', '2025-11-11 10:43:57'),
(79, 21, 'الملحقات', 'حقيبة + حزام حمل', '2025-11-11 10:43:57', '2025-11-11 10:43:57'),
(80, 22, 'البلوتوث', 'نسخة 5.0', '2025-11-11 10:43:57', '2025-11-11 10:43:57'),
(81, 22, 'البطارية', '20 ساعة تشغيل', '2025-11-11 10:43:57', '2025-11-11 10:43:57'),
(82, 22, 'المدى', 'حتى 10 متر', '2025-11-11 10:43:57', '2025-11-11 10:43:57'),
(83, 22, 'الميزات', 'عزل ضوضاء + مايك', '2025-11-11 10:43:57', '2025-11-11 10:43:57'),
(84, 23, 'المادة', 'راتان صناعي + ألمنيوم', '2025-11-11 10:43:57', '2025-11-11 10:43:57'),
(85, 23, 'الطاولة', '150 × 90 سم', '2025-11-11 10:43:57', '2025-11-11 10:43:57'),
(86, 23, 'المقاومة', 'مقاوم للماء والشمس', '2025-11-11 10:43:57', '2025-11-11 10:43:57'),
(87, 23, 'الوسائد', 'وسائد قابلة للإزالة', '2025-11-11 10:43:57', '2025-11-11 10:43:57'),
(88, 24, 'السعة', '3 أشخاص', '2025-11-11 10:43:57', '2025-11-11 10:43:57'),
(89, 24, 'المظلة', 'قابلة للتعديل UV', '2025-11-11 10:43:57', '2025-11-11 10:43:57'),
(90, 24, 'الإطار', 'حديد مطلي مقاوم للصدأ', '2025-11-11 10:43:57', '2025-11-11 10:43:57'),
(91, 24, 'الوسائد', 'مقاومة للماء', '2025-11-11 10:43:57', '2025-11-11 10:43:57');

-- --------------------------------------------------------

--
-- Table structure for table `important_links`
--

CREATE TABLE `important_links` (
  `id` bigint(20) UNSIGNED NOT NULL,
  `created_at` timestamp NULL DEFAULT NULL,
  `updated_at` timestamp NULL DEFAULT NULL,
  `key` varchar(255) NOT NULL,
  `name` varchar(255) NOT NULL,
  `description` text DEFAULT NULL,
  `url` varchar(255) NOT NULL
) ENGINE=InnoDB DEFAULT CHARSET=utf8mb4 COLLATE=utf8mb4_unicode_ci;

--
-- Dumping data for table `important_links`
--

INSERT INTO `important_links` (`id`, `created_at`, `updated_at`, `key`, `name`, `description`, `url`) VALUES
(1, '2025-11-11 10:43:57', '2025-11-11 10:43:57', 'privacy_policy', 'سياسة الخصوصية', '<h2>سياسة الخصوصية</h2><p>نحن نحترم خصوصيتك ونلتزم بحماية بياناتك الشخصية. يتم استخدام البيانات لتحسين الخدمة وتقديم الدعم.</p>', '/privacy-policy'),
(2, '2025-11-11 10:43:57', '2025-11-11 10:43:57', 'return_policy', 'سياسة الاسترجاع', '<h2>سياسة الاسترجاع</h2><p>يمكنك استرجاع المنتجات خلال المدة المعلنة وضمن الشروط الموضحة هنا.</p>', '/return-policy'),
(3, '2025-11-11 10:43:57', '2025-11-11 10:43:57', 'warranty', 'الضمان', '<h2>الضمان</h2><p>تفاصيل الضمان، المدة، والحالات المشمولة وغير المشمولة بالضمان.</p>', '/warranty'),
(4, '2025-11-11 10:43:57', '2025-11-11 10:43:57', 'about_us', 'من نحن', '<h2>من نحن</h2><p>معلومات عن المتجر، رؤيتنا، ورسالتنا.</p>', '/about-us'),
(5, '2025-11-11 10:43:57', '2025-11-11 10:43:57', 'faq', 'الأسئلة الشائعة', '<h2>الأسئلة الشائعة</h2><p>جمع للأسئلة المتكررة وإجاباتها لراحة العملاء.</p>', '/faq'),
(6, '2025-11-11 10:43:57', '2025-11-11 10:43:57', 'join_us', 'انضم إلينا', '<h2>انضم إلينا</h2><p>فرص العمل والتطوع وكيفية التقديم للانضمام لفريقنا.</p>', '/join-us'),
(7, '2025-11-11 10:43:57', '2025-11-11 10:43:57', 'partners', 'الشركاء', '<h2>الشركاء</h2><p>قائمة بالشركاء والموردين مع نبذة عن التعاون.</p>', '/partners'),
(8, '2025-11-11 10:43:57', '2025-11-11 10:43:57', 'team', 'الفريق', '<h2>الفريق</h2><p>التعريف بأعضاء الفريق ووظائفهم وخبراتهم.</p>', '/team'),
(9, '2025-11-11 10:43:57', '2025-11-11 10:43:57', 'terms_conditions', 'الشروط والأحكام', '<h2>الشروط والأحكام</h2><p>الشروط التي تحكم استخدام الموقع والخدمات.</p>', '/terms-conditions'),
(10, '2025-11-11 10:43:57', '2025-11-11 10:43:57', 'contact_us', 'اتصل بنا', '<h2>اتصل بنا</h2><p>طرق التواصل معنا: الهاتف، البريد الإلكتروني، ونموذج التواصل.</p>', '/contact-us'),
(11, '2025-11-11 10:43:57', '2025-11-11 10:43:57', 'shipping_policy', 'سياسة الشحن', '<h2>سياسة الشحن</h2><p>تفاصيل الشحن، التكاليف، والمناطق المغطاة.</p>', '/shipping-policy');

-- --------------------------------------------------------

--
-- Table structure for table `materials`
--

CREATE TABLE `materials` (
  `id` bigint(20) UNSIGNED NOT NULL,
  `name` varchar(255) NOT NULL,
  `description` text DEFAULT NULL,
  `created_at` timestamp NULL DEFAULT NULL,
  `updated_at` timestamp NULL DEFAULT NULL
) ENGINE=InnoDB DEFAULT CHARSET=utf8mb4 COLLATE=utf8mb4_unicode_ci;

--
-- Dumping data for table `materials`
--

INSERT INTO `materials` (`id`, `name`, `description`, `created_at`, `updated_at`) VALUES
(1, 'خشب', 'خشب طبيعي عالي الجودة', '2025-11-11 11:08:17', '2025-11-11 11:08:17'),
(2, 'معدن', 'معدن مقاوم للصدأ', '2025-11-11 11:08:17', '2025-11-11 11:08:17'),
(3, 'بلاستيك', 'بلاستيك مقوى', '2025-11-11 11:08:17', '2025-11-11 11:08:17'),
(4, 'زجاج', 'زجاج مقاوم للكسر', '2025-11-11 11:08:17', '2025-11-11 11:08:17'),
(5, 'قماش', 'قماش قطني ناعم', '2025-11-11 11:08:17', '2025-11-11 11:08:17'),
(6, 'جلد', 'جلد صناعي متين', '2025-11-11 11:08:17', '2025-11-11 11:08:17'),
(7, 'ألمنيوم', 'ألمنيوم خفيف الوزن', '2025-11-11 11:08:17', '2025-11-11 11:08:17'),
(8, 'فوم', 'فوم عالي الكثافة', '2025-11-11 11:08:17', '2025-11-11 11:08:17');

-- --------------------------------------------------------

--
-- Table structure for table `material_product`
--

CREATE TABLE `material_product` (
  `id` bigint(20) UNSIGNED NOT NULL,
  `product_id` bigint(20) UNSIGNED NOT NULL,
  `material_id` bigint(20) UNSIGNED NOT NULL,
  `unit` varchar(255) DEFAULT NULL,
  `quantity` decimal(10,2) DEFAULT NULL,
  `created_at` timestamp NULL DEFAULT NULL,
  `updated_at` timestamp NULL DEFAULT NULL
) ENGINE=InnoDB DEFAULT CHARSET=utf8mb4 COLLATE=utf8mb4_unicode_ci;

--
-- Dumping data for table `material_product`
--

INSERT INTO `material_product` (`id`, `product_id`, `material_id`, `unit`, `quantity`, `created_at`, `updated_at`) VALUES
(1, 1, 1, 'قطعة', 2.00, '2025-11-11 11:08:17', '2025-11-11 11:08:17'),
(2, 1, 4, 'قطعة', 7.00, '2025-11-11 11:08:17', '2025-11-11 11:08:17'),
(3, 1, 5, 'قطعة', 9.00, '2025-11-11 11:08:17', '2025-11-11 11:08:17'),
(4, 2, 2, 'قطعة', 2.00, '2025-11-11 11:08:17', '2025-11-11 11:08:17'),
(5, 2, 3, 'قطعة', 9.00, '2025-11-11 11:08:17', '2025-11-11 11:08:17'),
(6, 2, 5, 'قطعة', 9.00, '2025-11-11 11:08:17', '2025-11-11 11:08:17'),
(7, 2, 8, 'قطعة', 2.00, '2025-11-11 11:08:17', '2025-11-11 11:08:17'),
(8, 3, 1, 'قطعة', 9.00, '2025-11-11 11:08:17', '2025-11-11 11:08:17'),
(9, 3, 2, 'قطعة', 5.00, '2025-11-11 11:08:17', '2025-11-11 11:08:17'),
(10, 3, 6, 'قطعة', 3.00, '2025-11-11 11:08:17', '2025-11-11 11:08:17'),
(11, 4, 4, 'قطعة', 2.00, '2025-11-11 11:08:17', '2025-11-11 11:08:17'),
(12, 4, 7, 'قطعة', 3.00, '2025-11-11 11:08:17', '2025-11-11 11:08:17'),
(13, 4, 8, 'قطعة', 4.00, '2025-11-11 11:08:17', '2025-11-11 11:08:17'),
(14, 5, 2, 'قطعة', 4.00, '2025-11-11 11:08:17', '2025-11-11 11:08:17'),
(15, 5, 5, 'قطعة', 5.00, '2025-11-11 11:08:17', '2025-11-11 11:08:17'),
(16, 5, 6, 'قطعة', 5.00, '2025-11-11 11:08:17', '2025-11-11 11:08:17'),
(17, 6, 5, 'قطعة', 1.00, '2025-11-11 11:08:17', '2025-11-11 11:08:17'),
(18, 6, 8, 'قطعة', 5.00, '2025-11-11 11:08:17', '2025-11-11 11:08:17'),
(19, 7, 4, 'قطعة', 9.00, '2025-11-11 11:08:17', '2025-11-11 11:08:17'),
(20, 7, 6, 'قطعة', 9.00, '2025-11-11 11:08:17', '2025-11-11 11:08:17'),
(21, 8, 3, 'قطعة', 9.00, '2025-11-11 11:08:17', '2025-11-11 11:08:17'),
(22, 8, 6, 'قطعة', 2.00, '2025-11-11 11:08:17', '2025-11-11 11:08:17'),
(23, 8, 7, 'قطعة', 6.00, '2025-11-11 11:08:17', '2025-11-11 11:08:17'),
(24, 9, 1, 'قطعة', 8.00, '2025-11-11 11:08:17', '2025-11-11 11:08:17'),
(25, 9, 5, 'قطعة', 7.00, '2025-11-11 11:08:17', '2025-11-11 11:08:17'),
(26, 9, 6, 'قطعة', 8.00, '2025-11-11 11:08:17', '2025-11-11 11:08:17'),
(27, 9, 7, 'قطعة', 10.00, '2025-11-11 11:08:17', '2025-11-11 11:08:17'),
(28, 10, 5, 'قطعة', 2.00, '2025-11-11 11:08:17', '2025-11-11 11:08:17'),
(29, 10, 6, 'قطعة', 8.00, '2025-11-11 11:08:17', '2025-11-11 11:08:17'),
(30, 10, 7, 'قطعة', 8.00, '2025-11-11 11:08:17', '2025-11-11 11:08:17'),
(31, 10, 8, 'قطعة', 9.00, '2025-11-11 11:08:17', '2025-11-11 11:08:17'),
(32, 11, 6, 'قطعة', 7.00, '2025-11-11 11:08:17', '2025-11-11 11:08:17'),
(33, 11, 8, 'قطعة', 8.00, '2025-11-11 11:08:17', '2025-11-11 11:08:17'),
(34, 12, 1, 'قطعة', 7.00, '2025-11-11 11:08:17', '2025-11-11 11:08:17'),
(35, 12, 2, 'قطعة', 8.00, '2025-11-11 11:08:17', '2025-11-11 11:08:17'),
(36, 12, 6, 'قطعة', 4.00, '2025-11-11 11:08:17', '2025-11-11 11:08:17'),
(37, 12, 7, 'قطعة', 7.00, '2025-11-11 11:08:17', '2025-11-11 11:08:17'),
(38, 13, 7, 'قطعة', 8.00, '2025-11-11 11:08:17', '2025-11-11 11:08:17'),
(39, 13, 8, 'قطعة', 2.00, '2025-11-11 11:08:17', '2025-11-11 11:08:17'),
(40, 14, 2, 'قطعة', 5.00, '2025-11-11 11:08:17', '2025-11-11 11:08:17'),
(41, 14, 3, 'قطعة', 1.00, '2025-11-11 11:08:17', '2025-11-11 11:08:17'),
(42, 14, 6, 'قطعة', 7.00, '2025-11-11 11:08:17', '2025-11-11 11:08:17'),
(43, 15, 2, 'قطعة', 3.00, '2025-11-11 11:08:17', '2025-11-11 11:08:17'),
(44, 15, 6, 'قطعة', 6.00, '2025-11-11 11:08:17', '2025-11-11 11:08:17'),
(45, 15, 8, 'قطعة', 3.00, '2025-11-11 11:08:17', '2025-11-11 11:08:17'),
(46, 16, 5, 'قطعة', 8.00, '2025-11-11 11:08:17', '2025-11-11 11:08:17'),
(47, 16, 7, 'قطعة', 10.00, '2025-11-11 11:08:17', '2025-11-11 11:08:17'),
(48, 16, 8, 'قطعة', 6.00, '2025-11-11 11:08:17', '2025-11-11 11:08:17'),
(49, 17, 1, 'قطعة', 8.00, '2025-11-11 11:08:17', '2025-11-11 11:08:17'),
(50, 17, 4, 'قطعة', 7.00, '2025-11-11 11:08:17', '2025-11-11 11:08:17'),
(51, 17, 8, 'قطعة', 9.00, '2025-11-11 11:08:17', '2025-11-11 11:08:17'),
(52, 18, 1, 'قطعة', 6.00, '2025-11-11 11:08:17', '2025-11-11 11:08:17'),
(53, 18, 3, 'قطعة', 4.00, '2025-11-11 11:08:17', '2025-11-11 11:08:17'),
(54, 18, 4, 'قطعة', 3.00, '2025-11-11 11:08:17', '2025-11-11 11:08:17'),
(55, 18, 7, 'قطعة', 7.00, '2025-11-11 11:08:17', '2025-11-11 11:08:17'),
(56, 19, 1, 'قطعة', 2.00, '2025-11-11 11:08:17', '2025-11-11 11:08:17'),
(57, 19, 3, 'قطعة', 8.00, '2025-11-11 11:08:17', '2025-11-11 11:08:17'),
(58, 19, 4, 'قطعة', 10.00, '2025-11-11 11:08:17', '2025-11-11 11:08:17'),
(59, 19, 5, 'قطعة', 9.00, '2025-11-11 11:08:17', '2025-11-11 11:08:17'),
(60, 20, 1, 'قطعة', 7.00, '2025-11-11 11:08:17', '2025-11-11 11:08:17'),
(61, 20, 2, 'قطعة', 8.00, '2025-11-11 11:08:17', '2025-11-11 11:08:17'),
(62, 20, 8, 'قطعة', 7.00, '2025-11-11 11:08:17', '2025-11-11 11:08:17'),
(63, 21, 5, 'قطعة', 3.00, '2025-11-11 11:08:17', '2025-11-11 11:08:17'),
(64, 21, 8, 'قطعة', 6.00, '2025-11-11 11:08:17', '2025-11-11 11:08:17'),
(65, 22, 1, 'قطعة', 1.00, '2025-11-11 11:08:17', '2025-11-11 11:08:17'),
(66, 22, 3, 'قطعة', 9.00, '2025-11-11 11:08:17', '2025-11-11 11:08:17'),
(67, 22, 5, 'قطعة', 9.00, '2025-11-11 11:08:17', '2025-11-11 11:08:17'),
(68, 22, 8, 'قطعة', 4.00, '2025-11-11 11:08:17', '2025-11-11 11:08:17'),
(69, 23, 2, 'قطعة', 4.00, '2025-11-11 11:08:17', '2025-11-11 11:08:17'),
(70, 23, 5, 'قطعة', 5.00, '2025-11-11 11:08:17', '2025-11-11 11:08:17'),
(71, 23, 8, 'قطعة', 4.00, '2025-11-11 11:08:17', '2025-11-11 11:08:17'),
(72, 24, 6, 'قطعة', 1.00, '2025-11-11 11:08:17', '2025-11-11 11:08:17'),
(73, 24, 7, 'قطعة', 3.00, '2025-11-11 11:08:17', '2025-11-11 11:08:17');

-- --------------------------------------------------------

--
-- Table structure for table `migrations`
--

CREATE TABLE `migrations` (
  `id` int(10) UNSIGNED NOT NULL,
  `migration` varchar(255) NOT NULL,
  `batch` int(11) NOT NULL
) ENGINE=InnoDB DEFAULT CHARSET=utf8mb4 COLLATE=utf8mb4_unicode_ci;

--
-- Dumping data for table `migrations`
--

INSERT INTO `migrations` (`id`, `migration`, `batch`) VALUES
(1, '2014_10_12_000000_create_users_table', 1),
(2, '2014_10_12_100000_create_password_reset_tokens_table', 1),
(3, '2019_08_19_000000_create_failed_jobs_table', 1),
(4, '2019_12_14_000001_create_personal_access_tokens_table', 1),
(5, '2025_10_27_082605_create_permission_tables', 1),
(6, '2025_11_03_120149_create_categories_table', 1),
(7, '2025_11_04_065452_create_products_table', 1),
(8, '2025_11_04_065522_create_discounts_table', 1),
(9, '2025_11_04_065559_create_colors_table', 1),
(10, '2025_11_04_065627_create_color_product_table', 1),
(11, '2025_11_04_065650_create_delivery_times_table', 1),
(12, '2025_11_04_065738_create_warranties_table', 1),
(13, '2025_11_04_065804_create_features_table', 1),
(14, '2025_11_04_070110_create_reviews_table', 1),
(15, '2025_11_04_070144_create_sizes_table', 1),
(16, '2025_11_04_092414_create_offers_table', 1),
(17, '2025_11_04_092426_create_offer_product_table', 1),
(18, '2025_11_04_092439_create_important_links_table', 1),
(19, '2025_11_04_092452_create_branches_table', 1),
(20, '2025_11_04_092507_create_payment_methods_table', 1),
(21, '2025_11_04_092519_create_social_media_table', 1),
(22, '2025_11_04_123319_create_admin_table', 1),
(23, '2025_11_05_071931_create_visitors_table', 1),
(24, '2025_11_05_074946_create_notifications_table', 1),
(25, '2025_11_05_151838_create_user_addresses_table', 2),
(26, '2025_11_05_163719_create_favourites_table', 3),
(27, '2025_11_05_164406_add_hex_code_to_colors_table', 3),
(28, '2025_11_05_165148_add_name_to_offers_table', 4),
(29, '2025_11_05_165548_add_name_to_offer_product_table', 5),
(30, '2025_11_05_165817_add_keys_to_social_media_table', 6),
(31, '2025_11_05_170000_add_keys_to_important_links_table', 7),
(32, '2025_11_05_170223_add_keys_to_branches_table', 8),
(33, '2025_11_05_170349_add_keys_to_payment_methods_table', 9),
(34, '2025_11_05_170349_add_status_id_to_products_table', 10),
(35, '2025_11_05_170349_add_status_id_to_categories_table', 11),
(36, '2025_11_09_084210_add_status_id_to_products_table', 12),
(37, '2025_11_09_084332_add_status_id_to_categories_table', 12),
(38, '2025_11_11_092748_create_banner_table', 12),
(39, '2025_11_11_125713_create_materials_table', 12),
(40, '2025_11_11_135717_add_apple_id_to_users_table', 13);

-- --------------------------------------------------------

--
-- Table structure for table `model_has_permissions`
--

CREATE TABLE `model_has_permissions` (
  `permission_id` bigint(20) UNSIGNED NOT NULL,
  `model_type` varchar(255) NOT NULL,
  `model_id` bigint(20) UNSIGNED NOT NULL
) ENGINE=InnoDB DEFAULT CHARSET=utf8mb4 COLLATE=utf8mb4_unicode_ci;

-- --------------------------------------------------------

--
-- Table structure for table `model_has_roles`
--

CREATE TABLE `model_has_roles` (
  `role_id` bigint(20) UNSIGNED NOT NULL,
  `model_type` varchar(255) NOT NULL,
  `model_id` bigint(20) UNSIGNED NOT NULL
) ENGINE=InnoDB DEFAULT CHARSET=utf8mb4 COLLATE=utf8mb4_unicode_ci;

-- --------------------------------------------------------

--
-- Table structure for table `notifications`
--

CREATE TABLE `notifications` (
  `id` bigint(20) UNSIGNED NOT NULL,
  `notifiable_type` varchar(255) NOT NULL,
  `notifiable_id` bigint(20) UNSIGNED NOT NULL,
  `title` varchar(255) DEFAULT NULL,
  `message` text DEFAULT NULL,
  `type` varchar(255) DEFAULT NULL,
  `data` longtext CHARACTER SET utf8mb4 COLLATE utf8mb4_bin DEFAULT NULL CHECK (json_valid(`data`)),
  `is_read` tinyint(1) NOT NULL DEFAULT 0,
  `read_at` timestamp NULL DEFAULT NULL,
  `created_at` timestamp NULL DEFAULT NULL,
  `updated_at` timestamp NULL DEFAULT NULL
) ENGINE=InnoDB DEFAULT CHARSET=utf8mb4 COLLATE=utf8mb4_unicode_ci;

-- --------------------------------------------------------

--
-- Table structure for table `offers`
--

CREATE TABLE `offers` (
  `id` bigint(20) UNSIGNED NOT NULL,
  `name` varchar(255) DEFAULT NULL,
  `image` varchar(255) DEFAULT NULL,
  `created_at` timestamp NULL DEFAULT NULL,
  `updated_at` timestamp NULL DEFAULT NULL
) ENGINE=InnoDB DEFAULT CHARSET=utf8mb4 COLLATE=utf8mb4_unicode_ci;

--
-- Dumping data for table `offers`
--

INSERT INTO `offers` (`id`, `name`, `image`, `created_at`, `updated_at`) VALUES
(1, 'عروض الصيف الكبرى', 'offers/W1yLjE2DLu.jpg', '2025-11-11 10:43:57', '2025-11-11 10:43:57'),
(2, 'تخفيضات نهاية الموسم', 'offers/n0UBvNafpQ.jpg', '2025-11-11 10:43:57', '2025-11-11 10:43:57'),
(3, 'عروض الجمعة البيضاء', 'offers/7LSEbZTJr0.jpg', '2025-11-11 10:43:57', '2025-11-11 10:43:57'),
(4, 'عروض رمضان', 'offers/daZuMG37qQ.jpg', '2025-11-11 10:43:57', '2025-11-11 10:43:57'),
(5, 'عروض العودة للمدارس', 'offers/GG2UQdb4zf.jpg', '2025-11-11 10:43:57', '2025-11-11 10:43:57');

-- --------------------------------------------------------

--
-- Table structure for table `offer_product`
--

CREATE TABLE `offer_product` (
  `id` bigint(20) UNSIGNED NOT NULL,
  `created_at` timestamp NULL DEFAULT NULL,
  `updated_at` timestamp NULL DEFAULT NULL,
  `offer_id` bigint(20) UNSIGNED NOT NULL,
  `product_id` bigint(20) UNSIGNED NOT NULL
) ENGINE=InnoDB DEFAULT CHARSET=utf8mb4 COLLATE=utf8mb4_unicode_ci;

--
-- Dumping data for table `offer_product`
--

INSERT INTO `offer_product` (`id`, `created_at`, `updated_at`, `offer_id`, `product_id`) VALUES
(1, NULL, NULL, 1, 12),
(2, NULL, NULL, 1, 8),
(3, NULL, NULL, 1, 18),
(4, NULL, NULL, 1, 2),
(5, NULL, NULL, 1, 16),
(6, NULL, NULL, 1, 14),
(7, NULL, NULL, 1, 1),
(8, NULL, NULL, 1, 3),
(9, NULL, NULL, 1, 7),
(10, NULL, NULL, 1, 10),
(11, NULL, NULL, 2, 1),
(12, NULL, NULL, 2, 23),
(13, NULL, NULL, 2, 10),
(14, NULL, NULL, 2, 14),
(15, NULL, NULL, 2, 2),
(16, NULL, NULL, 2, 3),
(17, NULL, NULL, 2, 7),
(18, NULL, NULL, 2, 8),
(19, NULL, NULL, 2, 12),
(20, NULL, NULL, 2, 22),
(21, NULL, NULL, 2, 5),
(22, NULL, NULL, 2, 20),
(23, NULL, NULL, 2, 16),
(24, NULL, NULL, 2, 18),
(25, NULL, NULL, 3, 18),
(26, NULL, NULL, 3, 3),
(27, NULL, NULL, 3, 16),
(28, NULL, NULL, 3, 1),
(29, NULL, NULL, 3, 8),
(30, NULL, NULL, 3, 10),
(31, NULL, NULL, 3, 7),
(32, NULL, NULL, 3, 14),
(33, NULL, NULL, 3, 22),
(34, NULL, NULL, 3, 23),
(35, NULL, NULL, 3, 12),
(36, NULL, NULL, 3, 2),
(37, NULL, NULL, 3, 5),
(38, NULL, NULL, 3, 20),
(39, NULL, NULL, 4, 5),
(40, NULL, NULL, 4, 1),
(41, NULL, NULL, 4, 16),
(42, NULL, NULL, 4, 20),
(43, NULL, NULL, 4, 12),
(44, NULL, NULL, 4, 18),
(45, NULL, NULL, 4, 22),
(46, NULL, NULL, 4, 14),
(47, NULL, NULL, 4, 3),
(48, NULL, NULL, 4, 2),
(49, NULL, NULL, 4, 7),
(50, NULL, NULL, 4, 8),
(51, NULL, NULL, 5, 16),
(52, NULL, NULL, 5, 23),
(53, NULL, NULL, 5, 8),
(54, NULL, NULL, 5, 7),
(55, NULL, NULL, 5, 12),
(56, NULL, NULL, 5, 10),
(57, NULL, NULL, 5, 14),
(58, NULL, NULL, 5, 18);

-- --------------------------------------------------------

--
-- Table structure for table `password_reset_tokens`
--

CREATE TABLE `password_reset_tokens` (
  `email` varchar(255) NOT NULL,
  `token` varchar(255) NOT NULL,
  `created_at` timestamp NULL DEFAULT NULL
) ENGINE=InnoDB DEFAULT CHARSET=utf8mb4 COLLATE=utf8mb4_unicode_ci;

-- --------------------------------------------------------

--
-- Table structure for table `payment_methods`
--

CREATE TABLE `payment_methods` (
  `id` bigint(20) UNSIGNED NOT NULL,
  `created_at` timestamp NULL DEFAULT NULL,
  `updated_at` timestamp NULL DEFAULT NULL,
  `name` varchar(255) NOT NULL,
  `icon` varchar(255) DEFAULT NULL,
  `is_active` tinyint(1) NOT NULL DEFAULT 1
) ENGINE=InnoDB DEFAULT CHARSET=utf8mb4 COLLATE=utf8mb4_unicode_ci;

--
-- Dumping data for table `payment_methods`
--

INSERT INTO `payment_methods` (`id`, `created_at`, `updated_at`, `name`, `icon`, `is_active`) VALUES
(1, '2025-11-11 10:43:57', '2025-11-11 10:43:57', 'الدفع عند الاستلام', 'fas fa-money-bill-wave', 1),
(2, '2025-11-11 10:43:57', '2025-11-11 10:43:57', 'فيزا', 'fab fa-cc-visa', 1),
(3, '2025-11-11 10:43:57', '2025-11-11 10:43:57', 'ماستركارد', 'fab fa-cc-mastercard', 1),
(4, '2025-11-11 10:43:57', '2025-11-11 10:43:57', 'فوري', 'fas fa-mobile-alt', 1),
(5, '2025-11-11 10:43:57', '2025-11-11 10:43:57', 'فودافون كاش', 'fas fa-wallet', 1),
(6, '2025-11-11 10:43:57', '2025-11-11 10:43:57', 'إنستا باي', 'fas fa-credit-card', 1),
(7, '2025-11-11 10:43:57', '2025-11-11 10:43:57', 'PayPal', 'fab fa-paypal', 1),
(8, '2025-11-11 10:43:57', '2025-11-11 10:43:57', 'التحويل البنكي', 'fas fa-university', 1);

-- --------------------------------------------------------

--
-- Table structure for table `permissions`
--

CREATE TABLE `permissions` (
  `id` bigint(20) UNSIGNED NOT NULL,
  `name` varchar(255) NOT NULL,
  `guard_name` varchar(255) NOT NULL,
  `created_at` timestamp NULL DEFAULT NULL,
  `updated_at` timestamp NULL DEFAULT NULL
) ENGINE=InnoDB DEFAULT CHARSET=utf8mb4 COLLATE=utf8mb4_unicode_ci;

-- --------------------------------------------------------

--
-- Table structure for table `personal_access_tokens`
--

CREATE TABLE `personal_access_tokens` (
  `id` bigint(20) UNSIGNED NOT NULL,
  `tokenable_type` varchar(255) NOT NULL,
  `tokenable_id` bigint(20) UNSIGNED NOT NULL,
  `name` varchar(255) NOT NULL,
  `token` varchar(64) NOT NULL,
  `abilities` text DEFAULT NULL,
  `last_used_at` timestamp NULL DEFAULT NULL,
  `expires_at` timestamp NULL DEFAULT NULL,
  `created_at` timestamp NULL DEFAULT NULL,
  `updated_at` timestamp NULL DEFAULT NULL
) ENGINE=InnoDB DEFAULT CHARSET=utf8mb4 COLLATE=utf8mb4_unicode_ci;

-- --------------------------------------------------------

--
-- Table structure for table `products`
--

CREATE TABLE `products` (
  `id` bigint(20) UNSIGNED NOT NULL,
  `category_id` bigint(20) UNSIGNED NOT NULL,
  `name` varchar(255) NOT NULL,
  `description` text DEFAULT NULL,
  `price` decimal(10,2) NOT NULL,
  `has_discount` tinyint(1) NOT NULL DEFAULT 0,
  `includes_tax` tinyint(1) NOT NULL DEFAULT 0,
  `includes_shipping` tinyint(1) NOT NULL DEFAULT 0,
  `stock` int(11) NOT NULL DEFAULT 0,
  `status_id` int(10) UNSIGNED NOT NULL DEFAULT 1,
  `max_quantity` int(11) NOT NULL DEFAULT 0,
  `created_at` timestamp NULL DEFAULT NULL,
  `updated_at` timestamp NULL DEFAULT NULL,
  `deleted_at` timestamp NULL DEFAULT NULL
) ENGINE=InnoDB DEFAULT CHARSET=utf8mb4 COLLATE=utf8mb4_unicode_ci;

--
-- Dumping data for table `products`
--

INSERT INTO `products` (`id`, `category_id`, `name`, `description`, `price`, `has_discount`, `includes_tax`, `includes_shipping`, `stock`, `status_id`, `max_quantity`, `created_at`, `updated_at`, `deleted_at`) VALUES
(1, 2, 'سرير خشب زان مودرن', 'سرير فاخر من خشب الزان الطبيعي بتصميم عصري، متوفر بمقاسات متعددة مع قاعدة قوية وتشطيب ممتاز', 8500.00, 1, 1, 0, 15, 1, 0, '2025-11-11 10:43:56', '2025-11-11 10:43:56', NULL),
(2, 2, 'دولاب ملابس 6 أبواب', 'دولاب واسع بـ 6 أبواب مع مرآة كبيرة وأدراج داخلية، تصميم كلاسيكي فاخر', 12000.00, 1, 1, 0, 8, 1, 0, '2025-11-11 10:43:56', '2025-11-11 10:43:56', NULL),
(3, 3, 'كنبة زاوية مودرن', 'كنبة زاوية فاخرة بتصميم عصري، قماش عالي الجودة مع إسفنج مضغوط للراحة القصوى', 15000.00, 1, 1, 0, 12, 1, 0, '2025-11-11 10:43:56', '2025-11-11 10:43:56', NULL),
(4, 3, 'طاولة قهوة رخام', 'طاولة قهوة أنيقة بسطح رخام طبيعي مع قاعدة معدنية ذهبية', 3500.00, 0, 1, 0, 20, 1, 0, '2025-11-11 10:43:56', '2025-11-11 10:43:56', NULL),
(5, 4, 'طاولة سفرة 8 كراسي', 'طاولة سفرة فاخرة من الخشب الطبيعي مع 8 كراسي منجدة بقماش فاخر', 18000.00, 1, 1, 0, 6, 1, 0, '2025-11-11 10:43:56', '2025-11-11 10:43:56', NULL),
(6, 4, 'بوفيه وفاترينة', 'بوفيه أنيق مع فاترينة زجاجية لعرض الأطباق والتحف', 9500.00, 0, 1, 0, 10, 1, 0, '2025-11-11 10:43:56', '2025-11-11 10:43:56', NULL),
(7, 10, 'خزانة متعددة الأغراض', 'خزانة عصرية بأدراج وأرفف متعددة للتخزين العملي', 4200.00, 1, 1, 0, 25, 1, 0, '2025-11-11 10:43:56', '2025-11-11 10:43:56', NULL),
(8, 16, 'لوحة فنية مودرن 3 قطع', 'مجموعة لوحات فنية عصرية بتصميم تجريدي، طباعة عالية الجودة على كانفاس', 850.00, 1, 1, 0, 50, 1, 0, '2025-11-11 10:43:56', '2025-11-11 10:43:56', NULL),
(9, 16, 'مرآة ديكور دائرية', 'مرآة حائط دائرية بإطار معدني ذهبي أنيق', 1200.00, 0, 1, 0, 30, 1, 0, '2025-11-11 10:43:56', '2025-11-11 10:43:56', NULL),
(10, 23, 'مكتب تنفيذي فاخر', 'مكتب تنفيذي كبير بتصميم كلاسيكي مع أدراج جانبية وسطح واسع', 7500.00, 1, 1, 0, 12, 1, 0, '2025-11-11 10:43:56', '2025-11-11 10:43:56', NULL),
(11, 23, 'كرسي مكتب طبي', 'كرسي مكتب بتصميم طبي يدعم الظهر والرقبة مع إمكانية التحكم بالارتفاع', 2800.00, 0, 1, 0, 40, 1, 0, '2025-11-11 10:43:56', '2025-11-11 10:43:56', NULL),
(12, 30, 'ثريا كريستال فاخرة', 'ثريا فاخرة من الكريستال الأصلي بتصميم كلاسيكي مع إضاءة LED', 5500.00, 1, 1, 0, 8, 1, 0, '2025-11-11 10:43:56', '2025-11-11 10:43:56', NULL),
(13, 30, 'أباجورة أرضية مودرن', 'أباجورة أرضية عصرية بتصميم بسيط وأنيق مع إضاءة قابلة للتعديل', 980.00, 0, 1, 0, 35, 1, 0, '2025-11-11 10:43:57', '2025-11-11 10:43:57', NULL),
(14, 38, 'سجادة تركي مودرن', 'سجادة فاخرة بتصميم تركي عصري، نسيج عالي الكثافة ومقاوم للبقع', 3200.00, 1, 1, 0, 20, 1, 0, '2025-11-11 10:43:57', '2025-11-11 10:43:57', NULL),
(15, 38, 'طقم مفارش سرير قطن', 'طقم مفارش سرير من القطن المصري الفاخر، يتضمن ملاءة ولحاف و4 أكياس مخدات', 1850.00, 0, 1, 0, 45, 1, 0, '2025-11-11 10:43:57', '2025-11-11 10:43:57', NULL),
(16, 44, 'مطبخ خشب كامل 3 متر', 'مطبخ كامل بتصميم عصري، خزائن علوية وسفلية مع رخامة وحوض', 25000.00, 1, 1, 0, 5, 1, 0, '2025-11-11 10:43:57', '2025-11-11 10:43:57', NULL),
(17, 44, 'وحدة حمام معلقة', 'وحدة حمام معلقة مع مرآة وإضاءة LED وحوض سيراميك', 4800.00, 0, 1, 0, 15, 1, 0, '2025-11-11 10:43:57', '2025-11-11 10:43:57', NULL),
(18, 51, 'خلاط كهربائي 3 في 1', 'خلاط كهربائي متعدد الاستخدامات بـ 3 سرعات ومحرك قوي', 850.00, 1, 1, 0, 60, 1, 0, '2025-11-11 10:43:57', '2025-11-11 10:43:57', NULL),
(19, 51, 'مكنسة كهربائية روبوت', 'مكنسة روبوت ذكية بتقنية الذكاء الاصطناعي للتنظيف الأوتوماتيكي', 5200.00, 0, 1, 0, 25, 1, 0, '2025-11-11 10:43:57', '2025-11-11 10:43:57', NULL),
(20, 58, 'جهاز مشي كهربائي', 'جهاز مشي احترافي بشاشة رقمية ومحرك قوي مع برامج تدريب متعددة', 12500.00, 1, 1, 0, 10, 1, 0, '2025-11-11 10:43:57', '2025-11-11 10:43:57', NULL),
(21, 58, 'سجادة يوغا احترافية', 'سجادة يوغا مضادة للانزلاق بسمك مثالي وحقيبة حمل', 350.00, 0, 1, 0, 80, 1, 0, '2025-11-11 10:43:57', '2025-11-11 10:43:57', NULL),
(22, 66, 'سماعة بلوتوث لاسلكية', 'سماعة بلوتوث 5.0 بصوت نقي وبطارية تدوم 20 ساعة', 1200.00, 1, 1, 0, 50, 1, 0, '2025-11-11 10:43:57', '2025-11-11 10:43:57', NULL),
(23, 72, 'طقم حديقة 6 كراسي', 'طقم كامل للحديقة مع طاولة و6 كراسي من الراتان الصناعي المقاوم للعوامل الجوية', 8900.00, 1, 1, 0, 12, 1, 0, '2025-11-11 10:43:57', '2025-11-11 10:43:57', NULL),
(24, 72, 'أرجوحة حديقة معلقة', 'أرجوحة مريحة مع مظلة قابلة للتعديل ومقاعد واسعة', 6500.00, 0, 1, 0, 8, 1, 0, '2025-11-11 10:43:57', '2025-11-11 10:43:57', NULL);

-- --------------------------------------------------------

--
-- Table structure for table `promo_codes`
--

CREATE TABLE `promo_codes` (
  `id` bigint(20) UNSIGNED NOT NULL,
  `code` varchar(50) NOT NULL,
  `description` text DEFAULT NULL,
  `discount_percentage` decimal(5,2) DEFAULT NULL,
  `start_date` datetime DEFAULT NULL,
  `end_date` datetime DEFAULT NULL,
  `is_active` tinyint(1) NOT NULL DEFAULT 1,
  `created_at` timestamp NOT NULL DEFAULT current_timestamp()
) ENGINE=InnoDB DEFAULT CHARSET=utf8mb4 COLLATE=utf8mb4_unicode_ci;

-- --------------------------------------------------------

--
-- Table structure for table `reviews`
--

CREATE TABLE `reviews` (
  `id` bigint(20) UNSIGNED NOT NULL,
  `product_id` bigint(20) UNSIGNED NOT NULL,
  `user_id` bigint(20) UNSIGNED NOT NULL,
  `rating` int(10) UNSIGNED NOT NULL DEFAULT 5,
  `comment` text DEFAULT NULL,
  `created_at` timestamp NULL DEFAULT NULL,
  `updated_at` timestamp NULL DEFAULT NULL
) ENGINE=InnoDB DEFAULT CHARSET=utf8mb4 COLLATE=utf8mb4_unicode_ci;

--
-- Dumping data for table `reviews`
--

INSERT INTO `reviews` (`id`, `product_id`, `user_id`, `rating`, `comment`, `created_at`, `updated_at`) VALUES
(1, 1, 1, 4, 'منتج ممتاز وجودة عالية جداً', '2025-11-11 10:43:57', '2025-11-11 10:43:57'),
(2, 1, 10, 4, 'تعامل راقي وتوصيل سريع', '2025-11-11 10:43:57', '2025-11-11 10:43:57'),
(3, 1, 1, 4, 'الجودة فوق التوقعات بكثير', '2025-11-11 10:43:57', '2025-11-11 10:43:57'),
(4, 1, 10, 3, 'تعامل راقي وتوصيل سريع', '2025-11-11 10:43:57', '2025-11-11 10:43:57'),
(5, 1, 10, 4, 'جودة عالية ننصح بالشراء', '2025-11-11 10:43:57', '2025-11-11 10:43:57'),
(6, 2, 4, 4, 'منتج رائع يستحق الشراء', '2025-11-11 10:43:57', '2025-11-11 10:43:57'),
(7, 2, 10, 4, 'الجودة فوق التوقعات بكثير', '2025-11-11 10:43:57', '2025-11-11 10:43:57'),
(8, 2, 11, 5, 'راضي جداً عن المنتج والتوصيل كان سريع', '2025-11-11 10:43:57', '2025-11-11 10:43:57'),
(9, 2, 3, 3, 'تجربة رائعة مع هذا المنتج', '2025-11-11 10:43:57', '2025-11-11 10:43:57'),
(10, 2, 8, 4, 'المنتج أفضل من المتوقع', '2025-11-11 10:43:57', '2025-11-11 10:43:57'),
(11, 2, 7, 5, 'المنتج أفضل من المتوقع', '2025-11-11 10:43:57', '2025-11-11 10:43:57'),
(12, 2, 8, 5, 'المنتج أفضل من المتوقع', '2025-11-11 10:43:57', '2025-11-11 10:43:57'),
(13, 3, 1, 5, 'ممتاز جداً وبسعر مناسب', '2025-11-11 10:43:57', '2025-11-11 10:43:57'),
(14, 3, 7, 4, 'ممتاز جداً وبسعر مناسب', '2025-11-11 10:43:57', '2025-11-11 10:43:57'),
(15, 3, 4, 4, 'جودة ممتازة وسعر مناسب', '2025-11-11 10:43:57', '2025-11-11 10:43:57'),
(16, 3, 6, 3, 'تعامل راقي وتوصيل سريع', '2025-11-11 10:43:57', '2025-11-11 10:43:57'),
(17, 4, 7, 3, 'منتج رائع يستحق الشراء', '2025-11-11 10:43:57', '2025-11-11 10:43:57'),
(18, 4, 7, 4, 'ممتاز جداً وبسعر مناسب', '2025-11-11 10:43:57', '2025-11-11 10:43:57'),
(19, 4, 3, 4, 'منتج ممتاز وجودة عالية جداً', '2025-11-11 10:43:57', '2025-11-11 10:43:57'),
(20, 4, 6, 4, 'الجودة فوق التوقعات بكثير', '2025-11-11 10:43:57', '2025-11-11 10:43:57'),
(21, 4, 4, 4, 'تجربة رائعة مع هذا المنتج', '2025-11-11 10:43:57', '2025-11-11 10:43:57'),
(22, 5, 4, 3, 'راضي جداً عن المنتج والتوصيل كان سريع', '2025-11-11 10:43:57', '2025-11-11 10:43:57'),
(23, 5, 10, 4, 'جودة عالية ننصح بالشراء', '2025-11-11 10:43:57', '2025-11-11 10:43:57'),
(24, 5, 9, 3, 'منتج رائع يستحق الشراء', '2025-11-11 10:43:57', '2025-11-11 10:43:57'),
(25, 5, 10, 5, 'تجربة رائعة مع هذا المنتج', '2025-11-11 10:43:57', '2025-11-11 10:43:57'),
(26, 5, 2, 4, 'تعامل راقي وتوصيل سريع', '2025-11-11 10:43:57', '2025-11-11 10:43:57'),
(27, 5, 11, 5, 'الجودة فوق التوقعات بكثير', '2025-11-11 10:43:57', '2025-11-11 10:43:57'),
(28, 6, 10, 5, 'منتج رائع يستحق الشراء', '2025-11-11 10:43:57', '2025-11-11 10:43:57'),
(29, 6, 5, 5, 'تجربة رائعة مع هذا المنتج', '2025-11-11 10:43:57', '2025-11-11 10:43:57'),
(30, 6, 9, 3, 'منتج رائع يستحق الشراء', '2025-11-11 10:43:57', '2025-11-11 10:43:57'),
(31, 6, 4, 5, 'تجربة رائعة مع هذا المنتج', '2025-11-11 10:43:57', '2025-11-11 10:43:57'),
(32, 7, 2, 4, 'تعامل راقي وتوصيل سريع', '2025-11-11 10:43:57', '2025-11-11 10:43:57'),
(33, 7, 6, 5, 'منتج رائع يستحق الشراء', '2025-11-11 10:43:57', '2025-11-11 10:43:57'),
(34, 7, 1, 3, 'تعامل راقي وتوصيل سريع', '2025-11-11 10:43:57', '2025-11-11 10:43:57'),
(35, 7, 6, 5, 'تعامل راقي وتوصيل سريع', '2025-11-11 10:43:57', '2025-11-11 10:43:57'),
(36, 7, 5, 5, 'راضي جداً عن المنتج والتوصيل كان سريع', '2025-11-11 10:43:57', '2025-11-11 10:43:57'),
(37, 7, 8, 5, 'الجودة فوق التوقعات بكثير', '2025-11-11 10:43:57', '2025-11-11 10:43:57'),
(38, 7, 4, 4, 'ممتاز جداً وبسعر مناسب', '2025-11-11 10:43:57', '2025-11-11 10:43:57'),
(39, 8, 5, 3, 'جودة عالية ننصح بالشراء', '2025-11-11 10:43:57', '2025-11-11 10:43:57'),
(40, 8, 9, 4, 'الجودة فوق التوقعات بكثير', '2025-11-11 10:43:57', '2025-11-11 10:43:57'),
(41, 8, 1, 3, 'منتج ممتاز وجودة عالية جداً', '2025-11-11 10:43:57', '2025-11-11 10:43:57'),
(42, 8, 7, 3, 'تجربة رائعة مع هذا المنتج', '2025-11-11 10:43:57', '2025-11-11 10:43:57'),
(43, 8, 5, 5, 'الجودة فوق التوقعات بكثير', '2025-11-11 10:43:57', '2025-11-11 10:43:57'),
(44, 8, 7, 5, 'الجودة فوق التوقعات بكثير', '2025-11-11 10:43:57', '2025-11-11 10:43:57'),
(45, 8, 10, 5, 'منتج ممتاز وجودة عالية جداً', '2025-11-11 10:43:57', '2025-11-11 10:43:57'),
(46, 9, 3, 5, 'جودة ممتازة وسعر مناسب', '2025-11-11 10:43:57', '2025-11-11 10:43:57'),
(47, 9, 8, 4, 'منتج رائع يستحق الشراء', '2025-11-11 10:43:57', '2025-11-11 10:43:57'),
(48, 9, 6, 4, 'جودة ممتازة وسعر مناسب', '2025-11-11 10:43:57', '2025-11-11 10:43:57'),
(49, 9, 2, 4, 'المنتج أفضل من المتوقع', '2025-11-11 10:43:57', '2025-11-11 10:43:57'),
(50, 9, 8, 5, 'جودة ممتازة وسعر مناسب', '2025-11-11 10:43:57', '2025-11-11 10:43:57'),
(51, 9, 9, 3, 'الجودة فوق التوقعات بكثير', '2025-11-11 10:43:57', '2025-11-11 10:43:57'),
(52, 9, 9, 5, 'تجربة رائعة مع هذا المنتج', '2025-11-11 10:43:57', '2025-11-11 10:43:57'),
(53, 10, 8, 4, 'الجودة فوق التوقعات بكثير', '2025-11-11 10:43:57', '2025-11-11 10:43:57'),
(54, 10, 3, 4, 'تعامل راقي وتوصيل سريع', '2025-11-11 10:43:57', '2025-11-11 10:43:57'),
(55, 10, 9, 5, 'ممتاز جداً وبسعر مناسب', '2025-11-11 10:43:57', '2025-11-11 10:43:57'),
(56, 10, 11, 4, 'المنتج أفضل من المتوقع', '2025-11-11 10:43:57', '2025-11-11 10:43:57'),
(57, 10, 10, 5, 'الجودة فوق التوقعات بكثير', '2025-11-11 10:43:57', '2025-11-11 10:43:57'),
(58, 10, 8, 3, 'راضي جداً عن المنتج والتوصيل كان سريع', '2025-11-11 10:43:57', '2025-11-11 10:43:57'),
(59, 11, 11, 4, 'تعامل راقي وتوصيل سريع', '2025-11-11 10:43:57', '2025-11-11 10:43:57'),
(60, 11, 4, 3, 'جودة ممتازة وسعر مناسب', '2025-11-11 10:43:57', '2025-11-11 10:43:57'),
(61, 11, 1, 4, 'تعامل راقي وتوصيل سريع', '2025-11-11 10:43:57', '2025-11-11 10:43:57'),
(62, 11, 2, 4, 'ممتاز جداً وبسعر مناسب', '2025-11-11 10:43:57', '2025-11-11 10:43:57'),
(63, 12, 7, 3, 'ممتاز جداً وبسعر مناسب', '2025-11-11 10:43:57', '2025-11-11 10:43:57'),
(64, 12, 1, 4, 'منتج رائع يستحق الشراء', '2025-11-11 10:43:57', '2025-11-11 10:43:57'),
(65, 12, 11, 3, 'تعامل راقي وتوصيل سريع', '2025-11-11 10:43:57', '2025-11-11 10:43:57'),
(66, 13, 6, 5, 'ممتاز جداً وبسعر مناسب', '2025-11-11 10:43:57', '2025-11-11 10:43:57'),
(67, 13, 5, 4, 'ممتاز جداً وبسعر مناسب', '2025-11-11 10:43:57', '2025-11-11 10:43:57'),
(68, 13, 8, 4, 'ممتاز جداً وبسعر مناسب', '2025-11-11 10:43:57', '2025-11-11 10:43:57'),
(69, 13, 5, 4, 'تعامل راقي وتوصيل سريع', '2025-11-11 10:43:57', '2025-11-11 10:43:57'),
(70, 13, 5, 4, 'جودة عالية ننصح بالشراء', '2025-11-11 10:43:57', '2025-11-11 10:43:57'),
(71, 13, 1, 4, 'تعامل راقي وتوصيل سريع', '2025-11-11 10:43:57', '2025-11-11 10:43:57'),
(72, 13, 2, 5, 'جودة عالية ننصح بالشراء', '2025-11-11 10:43:57', '2025-11-11 10:43:57'),
(73, 13, 1, 4, 'تجربة رائعة مع هذا المنتج', '2025-11-11 10:43:57', '2025-11-11 10:43:57'),
(74, 14, 9, 4, 'الجودة فوق التوقعات بكثير', '2025-11-11 10:43:57', '2025-11-11 10:43:57'),
(75, 14, 2, 4, 'جودة عالية ننصح بالشراء', '2025-11-11 10:43:57', '2025-11-11 10:43:57'),
(76, 14, 8, 5, 'جودة عالية ننصح بالشراء', '2025-11-11 10:43:57', '2025-11-11 10:43:57'),
(77, 14, 8, 3, 'منتج ممتاز وجودة عالية جداً', '2025-11-11 10:43:57', '2025-11-11 10:43:57'),
(78, 14, 5, 4, 'الجودة فوق التوقعات بكثير', '2025-11-11 10:43:57', '2025-11-11 10:43:57'),
(79, 14, 10, 4, 'راضي جداً عن المنتج والتوصيل كان سريع', '2025-11-11 10:43:57', '2025-11-11 10:43:57'),
(80, 15, 4, 4, 'راضي جداً عن المنتج والتوصيل كان سريع', '2025-11-11 10:43:57', '2025-11-11 10:43:57'),
(81, 15, 4, 5, 'المنتج أفضل من المتوقع', '2025-11-11 10:43:57', '2025-11-11 10:43:57'),
(82, 15, 8, 3, 'تعامل راقي وتوصيل سريع', '2025-11-11 10:43:57', '2025-11-11 10:43:57'),
(83, 15, 9, 5, 'جودة ممتازة وسعر مناسب', '2025-11-11 10:43:57', '2025-11-11 10:43:57'),
(84, 15, 10, 4, 'جودة عالية ننصح بالشراء', '2025-11-11 10:43:57', '2025-11-11 10:43:57'),
(85, 15, 2, 4, 'تعامل راقي وتوصيل سريع', '2025-11-11 10:43:57', '2025-11-11 10:43:57'),
(86, 16, 3, 3, 'تجربة رائعة مع هذا المنتج', '2025-11-11 10:43:57', '2025-11-11 10:43:57'),
(87, 16, 7, 4, 'جودة عالية ننصح بالشراء', '2025-11-11 10:43:57', '2025-11-11 10:43:57'),
(88, 16, 8, 4, 'جودة ممتازة وسعر مناسب', '2025-11-11 10:43:57', '2025-11-11 10:43:57'),
(89, 16, 6, 5, 'تجربة رائعة مع هذا المنتج', '2025-11-11 10:43:57', '2025-11-11 10:43:57'),
(90, 16, 11, 3, 'الجودة فوق التوقعات بكثير', '2025-11-11 10:43:57', '2025-11-11 10:43:57'),
(91, 17, 2, 3, 'منتج ممتاز وجودة عالية جداً', '2025-11-11 10:43:57', '2025-11-11 10:43:57'),
(92, 17, 7, 5, 'جودة عالية ننصح بالشراء', '2025-11-11 10:43:57', '2025-11-11 10:43:57'),
(93, 17, 1, 4, 'منتج رائع يستحق الشراء', '2025-11-11 10:43:57', '2025-11-11 10:43:57'),
(94, 17, 2, 5, 'تجربة رائعة مع هذا المنتج', '2025-11-11 10:43:57', '2025-11-11 10:43:57'),
(95, 17, 4, 4, 'المنتج أفضل من المتوقع', '2025-11-11 10:43:57', '2025-11-11 10:43:57'),
(96, 17, 9, 4, 'جودة عالية ننصح بالشراء', '2025-11-11 10:43:57', '2025-11-11 10:43:57'),
(97, 18, 9, 4, 'تجربة رائعة مع هذا المنتج', '2025-11-11 10:43:57', '2025-11-11 10:43:57'),
(98, 18, 10, 3, 'جودة ممتازة وسعر مناسب', '2025-11-11 10:43:57', '2025-11-11 10:43:57'),
(99, 19, 9, 3, 'منتج رائع يستحق الشراء', '2025-11-11 10:43:57', '2025-11-11 10:43:57'),
(100, 19, 4, 3, 'منتج رائع يستحق الشراء', '2025-11-11 10:43:57', '2025-11-11 10:43:57'),
(101, 19, 7, 5, 'تعامل راقي وتوصيل سريع', '2025-11-11 10:43:57', '2025-11-11 10:43:57'),
(102, 19, 8, 4, 'جودة ممتازة وسعر مناسب', '2025-11-11 10:43:57', '2025-11-11 10:43:57'),
(103, 19, 2, 4, 'ممتاز جداً وبسعر مناسب', '2025-11-11 10:43:57', '2025-11-11 10:43:57'),
(104, 19, 2, 5, 'راضي جداً عن المنتج والتوصيل كان سريع', '2025-11-11 10:43:57', '2025-11-11 10:43:57'),
(105, 19, 1, 3, 'منتج رائع يستحق الشراء', '2025-11-11 10:43:57', '2025-11-11 10:43:57'),
(106, 20, 4, 3, 'راضي جداً عن المنتج والتوصيل كان سريع', '2025-11-11 10:43:57', '2025-11-11 10:43:57'),
(107, 20, 9, 5, 'تجربة رائعة مع هذا المنتج', '2025-11-11 10:43:57', '2025-11-11 10:43:57'),
(108, 20, 3, 4, 'راضي جداً عن المنتج والتوصيل كان سريع', '2025-11-11 10:43:57', '2025-11-11 10:43:57'),
(109, 20, 10, 3, 'راضي جداً عن المنتج والتوصيل كان سريع', '2025-11-11 10:43:57', '2025-11-11 10:43:57'),
(110, 20, 6, 5, 'منتج ممتاز وجودة عالية جداً', '2025-11-11 10:43:57', '2025-11-11 10:43:57'),
(111, 21, 2, 5, 'راضي جداً عن المنتج والتوصيل كان سريع', '2025-11-11 10:43:57', '2025-11-11 10:43:57'),
(112, 21, 1, 4, 'منتج رائع يستحق الشراء', '2025-11-11 10:43:57', '2025-11-11 10:43:57'),
(113, 21, 8, 5, 'منتج ممتاز وجودة عالية جداً', '2025-11-11 10:43:57', '2025-11-11 10:43:57'),
(114, 21, 9, 3, 'تعامل راقي وتوصيل سريع', '2025-11-11 10:43:57', '2025-11-11 10:43:57'),
(115, 22, 6, 3, 'جودة ممتازة وسعر مناسب', '2025-11-11 10:43:57', '2025-11-11 10:43:57'),
(116, 22, 4, 5, 'الجودة فوق التوقعات بكثير', '2025-11-11 10:43:57', '2025-11-11 10:43:57'),
(117, 22, 6, 3, 'جودة عالية ننصح بالشراء', '2025-11-11 10:43:57', '2025-11-11 10:43:57'),
(118, 22, 5, 3, 'منتج ممتاز وجودة عالية جداً', '2025-11-11 10:43:57', '2025-11-11 10:43:57'),
(119, 22, 1, 5, 'جودة ممتازة وسعر مناسب', '2025-11-11 10:43:57', '2025-11-11 10:43:57'),
(120, 22, 10, 3, 'تجربة رائعة مع هذا المنتج', '2025-11-11 10:43:57', '2025-11-11 10:43:57'),
(121, 22, 4, 4, 'منتج ممتاز وجودة عالية جداً', '2025-11-11 10:43:57', '2025-11-11 10:43:57'),
(122, 23, 3, 4, 'جودة ممتازة وسعر مناسب', '2025-11-11 10:43:57', '2025-11-11 10:43:57'),
(123, 23, 2, 5, 'جودة عالية ننصح بالشراء', '2025-11-11 10:43:57', '2025-11-11 10:43:57'),
(124, 23, 2, 3, 'منتج رائع يستحق الشراء', '2025-11-11 10:43:57', '2025-11-11 10:43:57'),
(125, 23, 2, 5, 'راضي جداً عن المنتج والتوصيل كان سريع', '2025-11-11 10:43:57', '2025-11-11 10:43:57'),
(126, 24, 10, 4, 'منتج ممتاز وجودة عالية جداً', '2025-11-11 10:43:57', '2025-11-11 10:43:57'),
(127, 24, 6, 3, 'تجربة رائعة مع هذا المنتج', '2025-11-11 10:43:57', '2025-11-11 10:43:57'),
(128, 24, 10, 3, 'تجربة رائعة مع هذا المنتج', '2025-11-11 10:43:57', '2025-11-11 10:43:57'),
(129, 24, 1, 4, 'راضي جداً عن المنتج والتوصيل كان سريع', '2025-11-11 10:43:57', '2025-11-11 10:43:57'),
(130, 24, 7, 4, 'راضي جداً عن المنتج والتوصيل كان سريع', '2025-11-11 10:43:57', '2025-11-11 10:43:57'),
(131, 24, 8, 4, 'ممتاز جداً وبسعر مناسب', '2025-11-11 10:43:57', '2025-11-11 10:43:57'),
(132, 24, 7, 3, 'منتج رائع يستحق الشراء', '2025-11-11 10:43:57', '2025-11-11 10:43:57'),
(133, 24, 7, 4, 'تعامل راقي وتوصيل سريع', '2025-11-11 10:43:57', '2025-11-11 10:43:57');

-- --------------------------------------------------------

--
-- Table structure for table `roles`
--

CREATE TABLE `roles` (
  `id` bigint(20) UNSIGNED NOT NULL,
  `name` varchar(255) NOT NULL,
  `guard_name` varchar(255) NOT NULL,
  `created_at` timestamp NULL DEFAULT NULL,
  `updated_at` timestamp NULL DEFAULT NULL
) ENGINE=InnoDB DEFAULT CHARSET=utf8mb4 COLLATE=utf8mb4_unicode_ci;

-- --------------------------------------------------------

--
-- Table structure for table `role_has_permissions`
--

CREATE TABLE `role_has_permissions` (
  `permission_id` bigint(20) UNSIGNED NOT NULL,
  `role_id` bigint(20) UNSIGNED NOT NULL
) ENGINE=InnoDB DEFAULT CHARSET=utf8mb4 COLLATE=utf8mb4_unicode_ci;

-- --------------------------------------------------------

--
-- Table structure for table `sizes`
--

CREATE TABLE `sizes` (
  `id` bigint(20) UNSIGNED NOT NULL,
  `product_id` bigint(20) UNSIGNED NOT NULL,
  `value` varchar(255) NOT NULL,
  `created_at` timestamp NULL DEFAULT NULL,
  `updated_at` timestamp NULL DEFAULT NULL
) ENGINE=InnoDB DEFAULT CHARSET=utf8mb4 COLLATE=utf8mb4_unicode_ci;

--
-- Dumping data for table `sizes`
--

INSERT INTO `sizes` (`id`, `product_id`, `value`, `created_at`, `updated_at`) VALUES
(1, 1, 'مفرد', '2025-11-11 10:43:56', '2025-11-11 10:43:56'),
(2, 1, 'مزدوج', '2025-11-11 10:43:56', '2025-11-11 10:43:56'),
(3, 1, 'كينج', '2025-11-11 10:43:56', '2025-11-11 10:43:56'),
(4, 14, '160×230', '2025-11-11 10:43:57', '2025-11-11 10:43:57'),
(5, 14, '200×300', '2025-11-11 10:43:57', '2025-11-11 10:43:57'),
(6, 14, '250×350', '2025-11-11 10:43:57', '2025-11-11 10:43:57'),
(7, 15, 'مفرد', '2025-11-11 10:43:57', '2025-11-11 10:43:57'),
(8, 15, 'مزدوج', '2025-11-11 10:43:57', '2025-11-11 10:43:57'),
(9, 15, 'كينج', '2025-11-11 10:43:57', '2025-11-11 10:43:57');

-- --------------------------------------------------------

--
-- Table structure for table `slider_settings`
--

CREATE TABLE `slider_settings` (
  `id` bigint(20) UNSIGNED NOT NULL,
  `banner_id` bigint(20) UNSIGNED NOT NULL,
  `autoplay` tinyint(1) NOT NULL DEFAULT 1,
  `autoplay_delay` int(11) NOT NULL DEFAULT 5000,
  `loop` tinyint(1) NOT NULL DEFAULT 1,
  `show_navigation` tinyint(1) NOT NULL DEFAULT 1,
  `show_pagination` tinyint(1) NOT NULL DEFAULT 1,
  `slides_per_view` int(11) NOT NULL DEFAULT 1,
  `space_between` int(11) NOT NULL DEFAULT 10,
  `breakpoints` longtext CHARACTER SET utf8mb4 COLLATE utf8mb4_bin DEFAULT NULL CHECK (json_valid(`breakpoints`)),
  `created_at` timestamp NOT NULL DEFAULT current_timestamp()
) ENGINE=InnoDB DEFAULT CHARSET=utf8mb4 COLLATE=utf8mb4_unicode_ci;

-- --------------------------------------------------------

--
-- Table structure for table `social_media`
--

CREATE TABLE `social_media` (
  `id` bigint(20) UNSIGNED NOT NULL,
  `created_at` timestamp NULL DEFAULT NULL,
  `updated_at` timestamp NULL DEFAULT NULL,
  `key` varchar(255) NOT NULL,
  `value` varchar(255) DEFAULT NULL,
  `icon` varchar(255) DEFAULT NULL
) ENGINE=InnoDB DEFAULT CHARSET=utf8mb4 COLLATE=utf8mb4_unicode_ci;

--
-- Dumping data for table `social_media`
--

INSERT INTO `social_media` (`id`, `created_at`, `updated_at`, `key`, `value`, `icon`) VALUES
(1, '2025-11-11 10:43:57', '2025-11-11 10:43:57', 'phone', '', 'fas fa-phone'),
(2, '2025-11-11 10:43:57', '2025-11-11 10:43:57', 'whatsapp', '', 'fab fa-whatsapp'),
(3, '2025-11-11 10:43:57', '2025-11-11 10:43:57', 'facebook', '', 'fab fa-facebook'),
(4, '2025-11-11 10:43:57', '2025-11-11 10:43:57', 'twitter', '', 'fab fa-twitter'),
(5, '2025-11-11 10:43:57', '2025-11-11 10:43:57', 'linkedin', '', 'fab fa-linkedin'),
(6, '2025-11-11 10:43:57', '2025-11-11 10:43:57', 'instagram', '', 'fab fa-instagram'),
(7, '2025-11-11 10:43:57', '2025-11-11 10:43:57', 'snapchat', '', 'fab fa-snapchat'),
(8, '2025-11-11 10:43:57', '2025-11-11 10:43:57', 'telegram', '', 'fab fa-telegram'),
(9, '2025-11-11 10:43:57', '2025-11-11 10:43:57', 'email', '', 'fas fa-envelope'),
(10, '2025-11-11 10:43:57', '2025-11-11 10:43:57', 'tiktok', '', 'fab fa-tiktok'),
(11, '2025-11-11 10:43:57', '2025-11-11 10:43:57', 'youtube', '', 'fab fa-youtube'),
(12, '2025-11-11 10:43:57', '2025-11-11 10:43:57', 'pinterest', '', 'fab fa-pinterest'),
(13, '2025-11-11 10:43:57', '2025-11-11 10:43:57', 'imo', '', 'fas fa-comment-dots'),
(14, '2025-11-11 10:43:57', '2025-11-11 10:43:57', 'discord', '', 'fab fa-discord'),
(15, '2025-11-11 10:43:57', '2025-11-11 10:43:57', 'threads', '', 'fab fa-threads'),
(16, '2025-11-11 10:43:57', '2025-11-11 10:43:57', 'reddit', '', 'fab fa-reddit'),
(17, '2025-11-11 10:43:57', '2025-11-11 10:43:57', 'mastodon', '', 'fab fa-mastodon');

-- --------------------------------------------------------

--
-- Table structure for table `users`
--

CREATE TABLE `users` (
  `id` bigint(20) UNSIGNED NOT NULL,
  `name` varchar(255) NOT NULL,
  `email` varchar(255) NOT NULL,
  `email_verified_at` timestamp NULL DEFAULT NULL,
  `password` varchar(255) DEFAULT NULL,
  `google_id` varchar(255) DEFAULT NULL,
  `facebook_id` varchar(255) DEFAULT NULL,
  `apple_id` varchar(255) DEFAULT NULL,
  `remember_token` varchar(100) DEFAULT NULL,
  `created_at` timestamp NULL DEFAULT NULL,
  `updated_at` timestamp NULL DEFAULT NULL,
  `phone` varchar(255) DEFAULT NULL
) ENGINE=InnoDB DEFAULT CHARSET=utf8mb4 COLLATE=utf8mb4_unicode_ci;

--
-- Dumping data for table `users`
--

INSERT INTO `users` (`id`, `name`, `email`, `email_verified_at`, `password`, `google_id`, `facebook_id`, `apple_id`, `remember_token`, `created_at`, `updated_at`, `phone`) VALUES
(1, 'Admin', 'admin@example.com', '2025-11-11 10:43:54', '$2y$12$YK36poEOGzUvibJi1Dlhw.RPRroZ1SOF.r5Ks2nzOm9VmKDK6w7ZW', NULL, NULL, NULL, NULL, '2025-11-11 10:43:54', '2025-11-11 10:43:54', NULL),
(2, 'مستخدم 1', 'user1@example.com', '2025-11-11 10:43:54', '$2y$12$EVyX9FSHUe4l7hNEROMdA.DIMMj6cx.sam6cIhKCpFuV2LxxEYZai', NULL, NULL, NULL, NULL, '2025-11-11 10:43:54', '2025-11-11 10:43:54', NULL),
(3, 'مستخدم 2', 'user2@example.com', '2025-11-11 10:43:54', '$2y$12$lIcm64bEqJFwIVzUmE8sQu2KSQnjgcKHb4BOqAQ.ivUpnqjwaBjMq', NULL, NULL, NULL, NULL, '2025-11-11 10:43:54', '2025-11-11 10:43:54', NULL),
(4, 'مستخدم 3', 'user3@example.com', '2025-11-11 10:43:55', '$2y$12$UJDBt3q105bisL1.N/hyXO6ZMTDKLzTS390/GT570il9iJkyZt89C', NULL, NULL, NULL, NULL, '2025-11-11 10:43:55', '2025-11-11 10:43:55', NULL),
(5, 'مستخدم 4', 'user4@example.com', '2025-11-11 10:43:55', '$2y$12$m.9sLLl/dXOQMn82fw2CW.6x2UnWX7Qm0CVP5SMmj9AlZMeTcAviC', NULL, NULL, NULL, NULL, '2025-11-11 10:43:55', '2025-11-11 10:43:55', NULL),
(6, 'مستخدم 5', 'user5@example.com', '2025-11-11 10:43:55', '$2y$12$6/vbNX7Vnqx4lcbdfDW7wexIJqzACKCMMuzKZTuo20.sGki9ZZ7NC', NULL, NULL, NULL, NULL, '2025-11-11 10:43:55', '2025-11-11 10:43:55', NULL),
(7, 'مستخدم 6', 'user6@example.com', '2025-11-11 10:43:55', '$2y$12$r7XdGmKfrxAx2Dkq0Pcc3O7CZA7M08PtWPweioJzupo0oqLu9mGyy', NULL, NULL, NULL, NULL, '2025-11-11 10:43:55', '2025-11-11 10:43:55', NULL),
(8, 'مستخدم 7', 'user7@example.com', '2025-11-11 10:43:55', '$2y$12$QykhmJfo3k3.Lb2ooMd/duHPG7DxuMmn7nQnLwAwmXjm/LJmqclA.', NULL, NULL, NULL, NULL, '2025-11-11 10:43:55', '2025-11-11 10:43:55', NULL),
(9, 'مستخدم 8', 'user8@example.com', '2025-11-11 10:43:56', '$2y$12$R5LNeoybRO29byWGhh/beeXigW2naFtkgyBdwlpRZUJcV2H/rvJsS', NULL, NULL, NULL, NULL, '2025-11-11 10:43:56', '2025-11-11 10:43:56', NULL),
(10, 'مستخدم 9', 'user9@example.com', '2025-11-11 10:43:56', '$2y$12$QlfTIy6/P/mlMGiXRm9uLeFbl1u66ZnEtL8gWtlwlsWO8v7nlksM6', NULL, NULL, NULL, NULL, '2025-11-11 10:43:56', '2025-11-11 10:43:56', NULL),
(11, 'مستخدم 10', 'user10@example.com', '2025-11-11 10:43:56', '$2y$12$FoDy2W74DurXr2sQPX4WYORb4tR2Qxing03PZf9palkhH9k/XKzHm', NULL, NULL, NULL, NULL, '2025-11-11 10:43:56', '2025-11-11 10:43:56', NULL);

-- --------------------------------------------------------

--
-- Table structure for table `user_addresses`
--

CREATE TABLE `user_addresses` (
  `id` bigint(20) UNSIGNED NOT NULL,
  `user_id` bigint(20) UNSIGNED NOT NULL,
  `first_name` varchar(255) DEFAULT NULL,
  `last_name` varchar(255) DEFAULT NULL,
  `building` varchar(255) DEFAULT NULL,
  `floor` varchar(255) DEFAULT NULL,
  `apartment_number` varchar(255) DEFAULT NULL,
  `address_details` text DEFAULT NULL,
  `label` varchar(255) DEFAULT NULL,
  `phone` varchar(255) DEFAULT NULL,
  `city` varchar(255) DEFAULT NULL,
  `area` varchar(255) DEFAULT NULL,
  `type` varchar(255) NOT NULL DEFAULT 'home',
  `latitude` decimal(10,7) DEFAULT NULL,
  `longitude` decimal(10,7) DEFAULT NULL,
  `created_at` timestamp NULL DEFAULT NULL,
  `updated_at` timestamp NULL DEFAULT NULL
) ENGINE=InnoDB DEFAULT CHARSET=utf8mb4 COLLATE=utf8mb4_unicode_ci;

-- --------------------------------------------------------

--
-- Table structure for table `visitors`
--

CREATE TABLE `visitors` (
  `id` bigint(20) UNSIGNED NOT NULL,
  `ip` varchar(45) DEFAULT NULL,
  `host` varchar(255) DEFAULT NULL,
  `method` varchar(10) DEFAULT NULL,
  `path` varchar(255) DEFAULT NULL,
  `full_url` varchar(2048) DEFAULT NULL,
  `referer` varchar(2048) DEFAULT NULL,
  `user_agent` text DEFAULT NULL,
  `browser` varchar(255) DEFAULT NULL,
  `browser_version` varchar(255) DEFAULT NULL,
  `platform` varchar(255) DEFAULT NULL,
  `platform_version` varchar(255) DEFAULT NULL,
  `device` varchar(255) DEFAULT NULL,
  `is_mobile` tinyint(1) DEFAULT NULL,
  `is_tablet` tinyint(1) DEFAULT NULL,
  `is_desktop` tinyint(1) DEFAULT NULL,
  `is_bot` tinyint(1) DEFAULT NULL,
  `country` varchar(255) DEFAULT NULL,
  `region` varchar(255) DEFAULT NULL,
  `city` varchar(255) DEFAULT NULL,
  `latitude` decimal(10,7) DEFAULT NULL,
  `longitude` decimal(10,7) DEFAULT NULL,
  `timezone` varchar(255) DEFAULT NULL,
  `headers` longtext CHARACTER SET utf8mb4 COLLATE utf8mb4_bin DEFAULT NULL CHECK (json_valid(`headers`)),
  `query` longtext CHARACTER SET utf8mb4 COLLATE utf8mb4_bin DEFAULT NULL CHECK (json_valid(`query`)),
  `body` longtext CHARACTER SET utf8mb4 COLLATE utf8mb4_bin DEFAULT NULL CHECK (json_valid(`body`)),
  `session_id` varchar(255) DEFAULT NULL,
  `country_iso` varchar(255) DEFAULT NULL,
  `created_at` timestamp NULL DEFAULT NULL,
  `updated_at` timestamp NULL DEFAULT NULL
) ENGINE=InnoDB DEFAULT CHARSET=utf8mb4 COLLATE=utf8mb4_unicode_ci;

-- --------------------------------------------------------

--
-- Table structure for table `warranties`
--

CREATE TABLE `warranties` (
  `id` bigint(20) UNSIGNED NOT NULL,
  `product_id` bigint(20) UNSIGNED NOT NULL,
  `duration_months` int(11) NOT NULL,
  `created_at` timestamp NULL DEFAULT NULL,
  `updated_at` timestamp NULL DEFAULT NULL
) ENGINE=InnoDB DEFAULT CHARSET=utf8mb4 COLLATE=utf8mb4_unicode_ci;

--
-- Dumping data for table `warranties`
--

INSERT INTO `warranties` (`id`, `product_id`, `duration_months`, `created_at`, `updated_at`) VALUES
(1, 1, 24, '2025-11-11 10:43:56', '2025-11-11 10:43:56'),
(2, 2, 18, '2025-11-11 10:43:56', '2025-11-11 10:43:56'),
(3, 3, 36, '2025-11-11 10:43:56', '2025-11-11 10:43:56'),
(4, 4, 12, '2025-11-11 10:43:56', '2025-11-11 10:43:56'),
(5, 5, 24, '2025-11-11 10:43:56', '2025-11-11 10:43:56'),
(6, 6, 18, '2025-11-11 10:43:56', '2025-11-11 10:43:56'),
(7, 7, 12, '2025-11-11 10:43:56', '2025-11-11 10:43:56'),
(8, 8, 6, '2025-11-11 10:43:56', '2025-11-11 10:43:56'),
(9, 9, 12, '2025-11-11 10:43:56', '2025-11-11 10:43:56'),
(10, 10, 24, '2025-11-11 10:43:56', '2025-11-11 10:43:56'),
(11, 11, 18, '2025-11-11 10:43:56', '2025-11-11 10:43:56'),
(12, 12, 24, '2025-11-11 10:43:57', '2025-11-11 10:43:57'),
(13, 13, 12, '2025-11-11 10:43:57', '2025-11-11 10:43:57'),
(14, 14, 12, '2025-11-11 10:43:57', '2025-11-11 10:43:57'),
(15, 15, 6, '2025-11-11 10:43:57', '2025-11-11 10:43:57'),
(16, 16, 36, '2025-11-11 10:43:57', '2025-11-11 10:43:57'),
(17, 17, 24, '2025-11-11 10:43:57', '2025-11-11 10:43:57'),
(18, 18, 24, '2025-11-11 10:43:57', '2025-11-11 10:43:57'),
(19, 19, 12, '2025-11-11 10:43:57', '2025-11-11 10:43:57'),
(20, 20, 24, '2025-11-11 10:43:57', '2025-11-11 10:43:57'),
(21, 21, 6, '2025-11-11 10:43:57', '2025-11-11 10:43:57'),
(22, 22, 12, '2025-11-11 10:43:57', '2025-11-11 10:43:57'),
(23, 23, 18, '2025-11-11 10:43:57', '2025-11-11 10:43:57'),
(24, 24, 12, '2025-11-11 10:43:57', '2025-11-11 10:43:57');

--
-- Indexes for dumped tables
--

--
-- Indexes for table `admins`
--
ALTER TABLE `admins`
  ADD PRIMARY KEY (`id`),
  ADD UNIQUE KEY `admins_email_unique` (`email`);

--
-- Indexes for table `banners`
--
ALTER TABLE `banners`
  ADD PRIMARY KEY (`id`),
  ADD KEY `banners_banner_type_id_foreign` (`banner_type_id`),
  ADD KEY `banners_is_active_section_order_index` (`is_active`,`section_order`),
  ADD KEY `banners_start_date_end_date_index` (`start_date`,`end_date`);

--
-- Indexes for table `banner_analytics`
--
ALTER TABLE `banner_analytics`
  ADD PRIMARY KEY (`id`),
  ADD UNIQUE KEY `banner_analytics_banner_item_id_date_unique` (`banner_item_id`,`date`),
  ADD KEY `banner_analytics_date_banner_item_id_index` (`date`,`banner_item_id`);

--
-- Indexes for table `banner_grid_layout`
--
ALTER TABLE `banner_grid_layout`
  ADD PRIMARY KEY (`id`),
  ADD UNIQUE KEY `banner_grid_layout_banner_id_unique` (`banner_id`);

--
-- Indexes for table `banner_items`
--
ALTER TABLE `banner_items`
  ADD PRIMARY KEY (`id`),
  ADD KEY `banner_items_banner_id_is_active_item_order_index` (`banner_id`,`is_active`,`item_order`);

--
-- Indexes for table `banner_promo_codes`
--
ALTER TABLE `banner_promo_codes`
  ADD PRIMARY KEY (`banner_item_id`,`promo_code_id`),
  ADD KEY `banner_promo_codes_promo_code_id_foreign` (`promo_code_id`);

--
-- Indexes for table `banner_types`
--
ALTER TABLE `banner_types`
  ADD PRIMARY KEY (`id`),
  ADD UNIQUE KEY `banner_types_name_unique` (`name`);

--
-- Indexes for table `branches`
--
ALTER TABLE `branches`
  ADD PRIMARY KEY (`id`);

--
-- Indexes for table `categories`
--
ALTER TABLE `categories`
  ADD PRIMARY KEY (`id`),
  ADD UNIQUE KEY `categories_slug_unique` (`slug`),
  ADD KEY `categories_parent_id_foreign` (`parent_id`);

--
-- Indexes for table `colors`
--
ALTER TABLE `colors`
  ADD PRIMARY KEY (`id`);

--
-- Indexes for table `color_product`
--
ALTER TABLE `color_product`
  ADD PRIMARY KEY (`id`),
  ADD KEY `color_product_product_id_foreign` (`product_id`),
  ADD KEY `color_product_color_id_foreign` (`color_id`);

--
-- Indexes for table `delivery_times`
--
ALTER TABLE `delivery_times`
  ADD PRIMARY KEY (`id`),
  ADD KEY `delivery_times_product_id_foreign` (`product_id`);

--
-- Indexes for table `discounts`
--
ALTER TABLE `discounts`
  ADD PRIMARY KEY (`id`),
  ADD KEY `discounts_product_id_foreign` (`product_id`);

--
-- Indexes for table `failed_jobs`
--
ALTER TABLE `failed_jobs`
  ADD PRIMARY KEY (`id`),
  ADD UNIQUE KEY `failed_jobs_uuid_unique` (`uuid`);

--
-- Indexes for table `favourites`
--
ALTER TABLE `favourites`
  ADD PRIMARY KEY (`id`),
  ADD UNIQUE KEY `favourites_user_id_product_id_unique` (`user_id`,`product_id`),
  ADD KEY `favourites_product_id_foreign` (`product_id`);

--
-- Indexes for table `features`
--
ALTER TABLE `features`
  ADD PRIMARY KEY (`id`),
  ADD KEY `features_product_id_foreign` (`product_id`);

--
-- Indexes for table `important_links`
--
ALTER TABLE `important_links`
  ADD PRIMARY KEY (`id`),
  ADD UNIQUE KEY `important_links_key_unique` (`key`);

--
-- Indexes for table `materials`
--
ALTER TABLE `materials`
  ADD PRIMARY KEY (`id`);

--
-- Indexes for table `material_product`
--
ALTER TABLE `material_product`
  ADD PRIMARY KEY (`id`),
  ADD UNIQUE KEY `material_product_product_id_material_id_unique` (`product_id`,`material_id`),
  ADD KEY `material_product_material_id_foreign` (`material_id`);

--
-- Indexes for table `migrations`
--
ALTER TABLE `migrations`
  ADD PRIMARY KEY (`id`);

--
-- Indexes for table `model_has_permissions`
--
ALTER TABLE `model_has_permissions`
  ADD PRIMARY KEY (`permission_id`,`model_id`,`model_type`),
  ADD KEY `model_has_permissions_model_id_model_type_index` (`model_id`,`model_type`);

--
-- Indexes for table `model_has_roles`
--
ALTER TABLE `model_has_roles`
  ADD PRIMARY KEY (`role_id`,`model_id`,`model_type`),
  ADD KEY `model_has_roles_model_id_model_type_index` (`model_id`,`model_type`);

--
-- Indexes for table `notifications`
--
ALTER TABLE `notifications`
  ADD PRIMARY KEY (`id`),
  ADD KEY `notifications_notifiable_type_notifiable_id_index` (`notifiable_type`,`notifiable_id`);

--
-- Indexes for table `offers`
--
ALTER TABLE `offers`
  ADD PRIMARY KEY (`id`);

--
-- Indexes for table `offer_product`
--
ALTER TABLE `offer_product`
  ADD PRIMARY KEY (`id`),
  ADD KEY `offer_product_offer_id_foreign` (`offer_id`),
  ADD KEY `offer_product_product_id_foreign` (`product_id`);

--
-- Indexes for table `password_reset_tokens`
--
ALTER TABLE `password_reset_tokens`
  ADD PRIMARY KEY (`email`);

--
-- Indexes for table `payment_methods`
--
ALTER TABLE `payment_methods`
  ADD PRIMARY KEY (`id`);

--
-- Indexes for table `permissions`
--
ALTER TABLE `permissions`
  ADD PRIMARY KEY (`id`),
  ADD UNIQUE KEY `permissions_name_guard_name_unique` (`name`,`guard_name`);

--
-- Indexes for table `personal_access_tokens`
--
ALTER TABLE `personal_access_tokens`
  ADD PRIMARY KEY (`id`),
  ADD UNIQUE KEY `personal_access_tokens_token_unique` (`token`),
  ADD KEY `personal_access_tokens_tokenable_type_tokenable_id_index` (`tokenable_type`,`tokenable_id`);

--
-- Indexes for table `products`
--
ALTER TABLE `products`
  ADD PRIMARY KEY (`id`),
  ADD KEY `products_category_id_foreign` (`category_id`);

--
-- Indexes for table `promo_codes`
--
ALTER TABLE `promo_codes`
  ADD PRIMARY KEY (`id`),
  ADD UNIQUE KEY `promo_codes_code_unique` (`code`);

--
-- Indexes for table `reviews`
--
ALTER TABLE `reviews`
  ADD PRIMARY KEY (`id`),
  ADD KEY `reviews_product_id_foreign` (`product_id`),
  ADD KEY `reviews_user_id_foreign` (`user_id`);

--
-- Indexes for table `roles`
--
ALTER TABLE `roles`
  ADD PRIMARY KEY (`id`),
  ADD UNIQUE KEY `roles_name_guard_name_unique` (`name`,`guard_name`);

--
-- Indexes for table `role_has_permissions`
--
ALTER TABLE `role_has_permissions`
  ADD PRIMARY KEY (`permission_id`,`role_id`),
  ADD KEY `role_has_permissions_role_id_foreign` (`role_id`);

--
-- Indexes for table `sizes`
--
ALTER TABLE `sizes`
  ADD PRIMARY KEY (`id`),
  ADD KEY `sizes_product_id_foreign` (`product_id`);

--
-- Indexes for table `slider_settings`
--
ALTER TABLE `slider_settings`
  ADD PRIMARY KEY (`id`),
  ADD UNIQUE KEY `slider_settings_banner_id_unique` (`banner_id`);

--
-- Indexes for table `social_media`
--
ALTER TABLE `social_media`
  ADD PRIMARY KEY (`id`),
  ADD UNIQUE KEY `social_media_key_unique` (`key`);

--
-- Indexes for table `users`
--
ALTER TABLE `users`
  ADD PRIMARY KEY (`id`),
  ADD UNIQUE KEY `users_email_unique` (`email`);

--
-- Indexes for table `user_addresses`
--
ALTER TABLE `user_addresses`
  ADD PRIMARY KEY (`id`),
  ADD KEY `user_addresses_user_id_foreign` (`user_id`);

--
-- Indexes for table `visitors`
--
ALTER TABLE `visitors`
  ADD PRIMARY KEY (`id`),
  ADD KEY `visitors_created_at_index` (`created_at`),
  ADD KEY `visitors_ip_index` (`ip`),
  ADD KEY `visitors_country_index` (`country`),
  ADD KEY `visitors_session_id_index` (`session_id`);

--
-- Indexes for table `warranties`
--
ALTER TABLE `warranties`
  ADD PRIMARY KEY (`id`),
  ADD KEY `warranties_product_id_foreign` (`product_id`);

--
-- AUTO_INCREMENT for dumped tables
--

--
-- AUTO_INCREMENT for table `admins`
--
ALTER TABLE `admins`
  MODIFY `id` bigint(20) UNSIGNED NOT NULL AUTO_INCREMENT;

--
-- AUTO_INCREMENT for table `banners`
--
ALTER TABLE `banners`
  MODIFY `id` bigint(20) UNSIGNED NOT NULL AUTO_INCREMENT;

--
-- AUTO_INCREMENT for table `banner_analytics`
--
ALTER TABLE `banner_analytics`
  MODIFY `id` bigint(20) UNSIGNED NOT NULL AUTO_INCREMENT;

--
-- AUTO_INCREMENT for table `banner_grid_layout`
--
ALTER TABLE `banner_grid_layout`
  MODIFY `id` bigint(20) UNSIGNED NOT NULL AUTO_INCREMENT;

--
-- AUTO_INCREMENT for table `banner_items`
--
ALTER TABLE `banner_items`
  MODIFY `id` bigint(20) UNSIGNED NOT NULL AUTO_INCREMENT;

--
-- AUTO_INCREMENT for table `banner_types`
--
ALTER TABLE `banner_types`
  MODIFY `id` bigint(20) UNSIGNED NOT NULL AUTO_INCREMENT;

--
-- AUTO_INCREMENT for table `branches`
--
ALTER TABLE `branches`
  MODIFY `id` bigint(20) UNSIGNED NOT NULL AUTO_INCREMENT, AUTO_INCREMENT=6;

--
-- AUTO_INCREMENT for table `categories`
--
ALTER TABLE `categories`
  MODIFY `id` bigint(20) UNSIGNED NOT NULL AUTO_INCREMENT, AUTO_INCREMENT=78;

--
-- AUTO_INCREMENT for table `colors`
--
ALTER TABLE `colors`
  MODIFY `id` bigint(20) UNSIGNED NOT NULL AUTO_INCREMENT, AUTO_INCREMENT=11;

--
-- AUTO_INCREMENT for table `color_product`
--
ALTER TABLE `color_product`
  MODIFY `id` bigint(20) UNSIGNED NOT NULL AUTO_INCREMENT, AUTO_INCREMENT=70;

--
-- AUTO_INCREMENT for table `delivery_times`
--
ALTER TABLE `delivery_times`
  MODIFY `id` bigint(20) UNSIGNED NOT NULL AUTO_INCREMENT, AUTO_INCREMENT=25;

--
-- AUTO_INCREMENT for table `discounts`
--
ALTER TABLE `discounts`
  MODIFY `id` bigint(20) UNSIGNED NOT NULL AUTO_INCREMENT, AUTO_INCREMENT=15;

--
-- AUTO_INCREMENT for table `failed_jobs`
--
ALTER TABLE `failed_jobs`
  MODIFY `id` bigint(20) UNSIGNED NOT NULL AUTO_INCREMENT;

--
-- AUTO_INCREMENT for table `favourites`
--
ALTER TABLE `favourites`
  MODIFY `id` bigint(20) UNSIGNED NOT NULL AUTO_INCREMENT;

--
-- AUTO_INCREMENT for table `features`
--
ALTER TABLE `features`
  MODIFY `id` bigint(20) UNSIGNED NOT NULL AUTO_INCREMENT, AUTO_INCREMENT=92;

--
-- AUTO_INCREMENT for table `important_links`
--
ALTER TABLE `important_links`
  MODIFY `id` bigint(20) UNSIGNED NOT NULL AUTO_INCREMENT, AUTO_INCREMENT=12;

--
-- AUTO_INCREMENT for table `materials`
--
ALTER TABLE `materials`
  MODIFY `id` bigint(20) UNSIGNED NOT NULL AUTO_INCREMENT, AUTO_INCREMENT=9;

--
-- AUTO_INCREMENT for table `material_product`
--
ALTER TABLE `material_product`
  MODIFY `id` bigint(20) UNSIGNED NOT NULL AUTO_INCREMENT, AUTO_INCREMENT=74;

--
-- AUTO_INCREMENT for table `migrations`
--
ALTER TABLE `migrations`
  MODIFY `id` int(10) UNSIGNED NOT NULL AUTO_INCREMENT, AUTO_INCREMENT=41;

--
-- AUTO_INCREMENT for table `notifications`
--
ALTER TABLE `notifications`
  MODIFY `id` bigint(20) UNSIGNED NOT NULL AUTO_INCREMENT;

--
-- AUTO_INCREMENT for table `offers`
--
ALTER TABLE `offers`
  MODIFY `id` bigint(20) UNSIGNED NOT NULL AUTO_INCREMENT, AUTO_INCREMENT=6;

--
-- AUTO_INCREMENT for table `offer_product`
--
ALTER TABLE `offer_product`
  MODIFY `id` bigint(20) UNSIGNED NOT NULL AUTO_INCREMENT, AUTO_INCREMENT=59;

--
-- AUTO_INCREMENT for table `payment_methods`
--
ALTER TABLE `payment_methods`
  MODIFY `id` bigint(20) UNSIGNED NOT NULL AUTO_INCREMENT, AUTO_INCREMENT=9;

--
-- AUTO_INCREMENT for table `permissions`
--
ALTER TABLE `permissions`
  MODIFY `id` bigint(20) UNSIGNED NOT NULL AUTO_INCREMENT;

--
-- AUTO_INCREMENT for table `personal_access_tokens`
--
ALTER TABLE `personal_access_tokens`
  MODIFY `id` bigint(20) UNSIGNED NOT NULL AUTO_INCREMENT;

--
-- AUTO_INCREMENT for table `products`
--
ALTER TABLE `products`
  MODIFY `id` bigint(20) UNSIGNED NOT NULL AUTO_INCREMENT, AUTO_INCREMENT=25;

--
-- AUTO_INCREMENT for table `promo_codes`
--
ALTER TABLE `promo_codes`
  MODIFY `id` bigint(20) UNSIGNED NOT NULL AUTO_INCREMENT;

--
-- AUTO_INCREMENT for table `reviews`
--
ALTER TABLE `reviews`
  MODIFY `id` bigint(20) UNSIGNED NOT NULL AUTO_INCREMENT, AUTO_INCREMENT=134;

--
-- AUTO_INCREMENT for table `roles`
--
ALTER TABLE `roles`
  MODIFY `id` bigint(20) UNSIGNED NOT NULL AUTO_INCREMENT;

--
-- AUTO_INCREMENT for table `sizes`
--
ALTER TABLE `sizes`
  MODIFY `id` bigint(20) UNSIGNED NOT NULL AUTO_INCREMENT, AUTO_INCREMENT=10;

--
-- AUTO_INCREMENT for table `slider_settings`
--
ALTER TABLE `slider_settings`
  MODIFY `id` bigint(20) UNSIGNED NOT NULL AUTO_INCREMENT;

--
-- AUTO_INCREMENT for table `social_media`
--
ALTER TABLE `social_media`
  MODIFY `id` bigint(20) UNSIGNED NOT NULL AUTO_INCREMENT, AUTO_INCREMENT=18;

--
-- AUTO_INCREMENT for table `users`
--
ALTER TABLE `users`
  MODIFY `id` bigint(20) UNSIGNED NOT NULL AUTO_INCREMENT, AUTO_INCREMENT=12;

--
-- AUTO_INCREMENT for table `user_addresses`
--
ALTER TABLE `user_addresses`
  MODIFY `id` bigint(20) UNSIGNED NOT NULL AUTO_INCREMENT;

--
-- AUTO_INCREMENT for table `visitors`
--
ALTER TABLE `visitors`
  MODIFY `id` bigint(20) UNSIGNED NOT NULL AUTO_INCREMENT;

--
-- AUTO_INCREMENT for table `warranties`
--
ALTER TABLE `warranties`
  MODIFY `id` bigint(20) UNSIGNED NOT NULL AUTO_INCREMENT, AUTO_INCREMENT=25;

--
-- Constraints for dumped tables
--

--
-- Constraints for table `banners`
--
ALTER TABLE `banners`
  ADD CONSTRAINT `banners_banner_type_id_foreign` FOREIGN KEY (`banner_type_id`) REFERENCES `banner_types` (`id`);

--
-- Constraints for table `banner_analytics`
--
ALTER TABLE `banner_analytics`
  ADD CONSTRAINT `banner_analytics_banner_item_id_foreign` FOREIGN KEY (`banner_item_id`) REFERENCES `banner_items` (`id`) ON DELETE CASCADE;

--
-- Constraints for table `banner_grid_layout`
--
ALTER TABLE `banner_grid_layout`
  ADD CONSTRAINT `banner_grid_layout_banner_id_foreign` FOREIGN KEY (`banner_id`) REFERENCES `banners` (`id`) ON DELETE CASCADE;

--
-- Constraints for table `banner_items`
--
ALTER TABLE `banner_items`
  ADD CONSTRAINT `banner_items_banner_id_foreign` FOREIGN KEY (`banner_id`) REFERENCES `banners` (`id`) ON DELETE CASCADE;

--
-- Constraints for table `banner_promo_codes`
--
ALTER TABLE `banner_promo_codes`
  ADD CONSTRAINT `banner_promo_codes_banner_item_id_foreign` FOREIGN KEY (`banner_item_id`) REFERENCES `banner_items` (`id`) ON DELETE CASCADE,
  ADD CONSTRAINT `banner_promo_codes_promo_code_id_foreign` FOREIGN KEY (`promo_code_id`) REFERENCES `promo_codes` (`id`) ON DELETE CASCADE;

--
-- Constraints for table `categories`
--
ALTER TABLE `categories`
  ADD CONSTRAINT `categories_parent_id_foreign` FOREIGN KEY (`parent_id`) REFERENCES `categories` (`id`) ON DELETE CASCADE;

--
-- Constraints for table `color_product`
--
ALTER TABLE `color_product`
  ADD CONSTRAINT `color_product_color_id_foreign` FOREIGN KEY (`color_id`) REFERENCES `colors` (`id`) ON DELETE CASCADE,
  ADD CONSTRAINT `color_product_product_id_foreign` FOREIGN KEY (`product_id`) REFERENCES `products` (`id`) ON DELETE CASCADE;

--
-- Constraints for table `delivery_times`
--
ALTER TABLE `delivery_times`
  ADD CONSTRAINT `delivery_times_product_id_foreign` FOREIGN KEY (`product_id`) REFERENCES `products` (`id`) ON DELETE CASCADE;

--
-- Constraints for table `discounts`
--
ALTER TABLE `discounts`
  ADD CONSTRAINT `discounts_product_id_foreign` FOREIGN KEY (`product_id`) REFERENCES `products` (`id`) ON DELETE CASCADE;

--
-- Constraints for table `favourites`
--
ALTER TABLE `favourites`
  ADD CONSTRAINT `favourites_product_id_foreign` FOREIGN KEY (`product_id`) REFERENCES `products` (`id`) ON DELETE CASCADE,
  ADD CONSTRAINT `favourites_user_id_foreign` FOREIGN KEY (`user_id`) REFERENCES `users` (`id`) ON DELETE CASCADE;

--
-- Constraints for table `features`
--
ALTER TABLE `features`
  ADD CONSTRAINT `features_product_id_foreign` FOREIGN KEY (`product_id`) REFERENCES `products` (`id`) ON DELETE CASCADE;

--
-- Constraints for table `material_product`
--
ALTER TABLE `material_product`
  ADD CONSTRAINT `material_product_material_id_foreign` FOREIGN KEY (`material_id`) REFERENCES `materials` (`id`) ON DELETE CASCADE,
  ADD CONSTRAINT `material_product_product_id_foreign` FOREIGN KEY (`product_id`) REFERENCES `products` (`id`) ON DELETE CASCADE;

--
-- Constraints for table `model_has_permissions`
--
ALTER TABLE `model_has_permissions`
  ADD CONSTRAINT `model_has_permissions_permission_id_foreign` FOREIGN KEY (`permission_id`) REFERENCES `permissions` (`id`) ON DELETE CASCADE;

--
-- Constraints for table `model_has_roles`
--
ALTER TABLE `model_has_roles`
  ADD CONSTRAINT `model_has_roles_role_id_foreign` FOREIGN KEY (`role_id`) REFERENCES `roles` (`id`) ON DELETE CASCADE;

--
-- Constraints for table `offer_product`
--
ALTER TABLE `offer_product`
  ADD CONSTRAINT `offer_product_offer_id_foreign` FOREIGN KEY (`offer_id`) REFERENCES `offers` (`id`) ON DELETE CASCADE,
  ADD CONSTRAINT `offer_product_product_id_foreign` FOREIGN KEY (`product_id`) REFERENCES `products` (`id`) ON DELETE CASCADE;

--
-- Constraints for table `products`
--
ALTER TABLE `products`
  ADD CONSTRAINT `products_category_id_foreign` FOREIGN KEY (`category_id`) REFERENCES `categories` (`id`) ON DELETE CASCADE;

--
-- Constraints for table `reviews`
--
ALTER TABLE `reviews`
  ADD CONSTRAINT `reviews_product_id_foreign` FOREIGN KEY (`product_id`) REFERENCES `products` (`id`) ON DELETE CASCADE,
  ADD CONSTRAINT `reviews_user_id_foreign` FOREIGN KEY (`user_id`) REFERENCES `users` (`id`) ON DELETE CASCADE;

--
-- Constraints for table `role_has_permissions`
--
ALTER TABLE `role_has_permissions`
  ADD CONSTRAINT `role_has_permissions_permission_id_foreign` FOREIGN KEY (`permission_id`) REFERENCES `permissions` (`id`) ON DELETE CASCADE,
  ADD CONSTRAINT `role_has_permissions_role_id_foreign` FOREIGN KEY (`role_id`) REFERENCES `roles` (`id`) ON DELETE CASCADE;

--
-- Constraints for table `sizes`
--
ALTER TABLE `sizes`
  ADD CONSTRAINT `sizes_product_id_foreign` FOREIGN KEY (`product_id`) REFERENCES `products` (`id`) ON DELETE CASCADE;

--
-- Constraints for table `slider_settings`
--
ALTER TABLE `slider_settings`
  ADD CONSTRAINT `slider_settings_banner_id_foreign` FOREIGN KEY (`banner_id`) REFERENCES `banners` (`id`) ON DELETE CASCADE;

--
-- Constraints for table `user_addresses`
--
ALTER TABLE `user_addresses`
  ADD CONSTRAINT `user_addresses_user_id_foreign` FOREIGN KEY (`user_id`) REFERENCES `users` (`id`) ON DELETE CASCADE;

--
-- Constraints for table `warranties`
--
ALTER TABLE `warranties`
  ADD CONSTRAINT `warranties_product_id_foreign` FOREIGN KEY (`product_id`) REFERENCES `products` (`id`) ON DELETE CASCADE;
COMMIT;

/*!40101 SET CHARACTER_SET_CLIENT=@OLD_CHARACTER_SET_CLIENT */;
/*!40101 SET CHARACTER_SET_RESULTS=@OLD_CHARACTER_SET_RESULTS */;
/*!40101 SET COLLATION_CONNECTION=@OLD_COLLATION_CONNECTION */;
